conteo,tupla,X,L,M,T,P,Pr
8,1|2,41,16,1,16|6|123|10|145|1|33|39|1,0.0021333333333333334,0.6673777777777778
5,1|3,62,4,4|15|36|90|9|220,4|15|36|90|9|220,0.0013333333333333333,0.44487777777777776
9,1|4,37,74,8|36,74|16|63|8|2|93|36|8|36|38,0.0024,0.4452333333333333
6,1|5,53,16,16|10|159|114|1|40|34,16|10|159|114|1|40|34,0.0016,0.4449666666666667
3,1|6,93,185,185|153|2|34,185|153|2|34,0.0008,0.44469999999999993
5,1|7,62,60,60|27|130|40|95|22,60|27|130|40|95|22,0.0013333333333333333,0.44487777777777776
8,1|8,41,2,2|49|4|19|70|9|10|22|189,2|49|4|19|70|9|10|22|189,0.0021333333333333334,0.4451444444444444
3,1|9,93,25,25|95|179|75,25|95|179|75,0.0008,0.44469999999999993
4,1|10,74,87,87|58|42|142|45,87|58|42|142|45,0.0010666666666666667,0.4447888888888889
3,1|11,93,74,74|143|149|8,74|143|149|8,0.0008,0.44469999999999993
6,1|12,53,4,4|233|20|15|66|14|22,4|233|20|15|66|14|22,0.0016,0.4449666666666667
6,1|13,53,25,25|14|125|136|36|4|34,25|14|125|136|36|4|34,0.0016,0.4449666666666667
6,1|14,53,2,2|49|9|19|126|87|82,2|49|9|19|126|87|82,0.0016,0.4449666666666667
4,1|15,74,4,4,4|18|183|4|165,0.0010666666666666667,0.6670222222222222
3,1|16,93,16,16|9|192|157,16|9|192|157,0.0008,0.44469999999999993
1,1|17,187,154,154|220,154|220,0.0002666666666666667,0.4445222222222222
7,1|18,46,26,26|53|5|121|51|60|22|36,26|53|5|121|51|60|22|36,0.0018666666666666666,0.44505555555555554
5,1|19,62,84,84|40|39|46|143|22,84|40|39|46|143|22,0.0013333333333333333,0.44487777777777776
3,1|20,93,237,237|97|36|4,237|97|36|4,0.0008,0.44469999999999993
6,1|21,53,144,144|17|48|47|36|60|22,144|17|48|47|36|60|22,0.0016,0.4449666666666667
5,1|22,62,79,29,79|74|2|161|29|29,0.0013333333333333333,0.6671111111111111
7,1|23,46,4,4|12|35|103|33|30|119|38,4|12|35|103|33|30|119|38,0.0018666666666666666,0.44505555555555554
1,1|24,187,39,39|335,39|335,0.0002666666666666667,0.4445222222222222
3,1|25,93,87,87|118|168|1,87|118|168|1,0.0008,0.44469999999999993
3,1|26,93,19,19|238|83|34,19|238|83|34,0.0008,0.44469999999999993
6,1|27,53,39,39|48|33|43|22|162|27,39|48|33|43|22|162|27,0.0016,0.4449666666666667
5,1|28,62,2,2|53|217|57|37|8,2|53|217|57|37|8,0.0013333333333333333,0.44487777777777776
4,1|29,74,90,90|30|35|144|75,90|30|35|144|75,0.0010666666666666667,0.4447888888888889
4,1|30,74,25,25|136|111|44|58,25|136|111|44|58,0.0010666666666666667,0.4447888888888889
7,1|31,46,124,124|21|189|11|2|19|7|1,124|21|189|11|2|19|7|1,0.0018666666666666666,0.44505555555555554
4,1|32,74,90,90|64|10|181|29,90|64|10|181|29,0.0010666666666666667,0.4447888888888889
6,1|33,53,19,19|71|182|29|35|37|1,19|71|182|29|35|37|1,0.0016,0.4449666666666667
6,1|34,53,2,2|17|65|60|157|46|27,2|17|65|60|157|46|27,0.0016,0.4449666666666667
4,1|35,74,60,60,60|60|24|185|45,0.0010666666666666667,0.6670222222222222
5,1|36,62,22,22|52|264|9|23|4,22|52|264|9|23|4,0.0013333333333333333,0.44487777777777776
4,1|37,74,124,29,124|29|11|181|29,0.0010666666666666667,0.6670222222222222
2,1|38,124,26,26|161|187,26|161|187,0.0005333333333333334,0.44461111111111107
6,1|39,53,22,22|17|85|113|79|54|4,22|17|85|113|79|54|4,0.0016,0.4449666666666667
2,1|40,124,51,51|33|290,51|33|290,0.0005333333333333334,0.44461111111111107
6,1|41,53,26,26|29|182|64|28|37|8,26|29|182|64|28|37|8,0.0016,0.4449666666666667
5,1|42,62,155,155|54|47|36|7|75,155|54|47|36|7|75,0.0013333333333333333,0.44487777777777776
8,1|43,41,60,60|19|82|3|23|70|77|36|4,60|19|82|3|23|70|77|36|4,0.0021333333333333334,0.4451444444444444
5,2|3,62,71,71|31|8|35|93|136,71|31|8|35|93|136,0.0013333333333333333,0.44487777777777776
8,2|4,41,71,71|39|69|28|18|75|17|5|52,71|39|69|28|18|75|17|5|52,0.0021333333333333334,0.4451444444444444
6,2|5,53,16,16|55|157|13|59|11|63,16|55|157|13|59|11|63,0.0016,0.4449666666666667
2,2|6,124,225,225|71|78,225|71|78,0.0005333333333333334,0.44461111111111107
4,2|7,74,37,37|21|167|86|63,37|21|167|86|63,0.0010666666666666667,0.4447888888888889
4,2|8,74,43,43|45|28|139|119,43|45|28|139|119,0.0010666666666666667,0.4447888888888889
9,2|9,37,58,58|30|6|22|112|13|70|11|37|15,58|30|6|22|112|13|70|11|37|15,0.0024,0.4452333333333333
6,2|10,53,32,32|76|37|11|161|8|49,32|76|37|11|161|8|49,0.0016,0.4449666666666667
6,2|11,53,62,62|50|15|9|105|1|132,62|50|15|9|105|1|132,0.0016,0.4449666666666667
6,2|12,53,58,58|52|6|30|33|180|15,58|52|6|30|33|180|15,0.0016,0.4449666666666667
4,2|13,74,225,225|18|57|3|71,225|18|57|3|71,0.0010666666666666667,0.4447888888888889
6,2|14,53,37,37|6|62|51|147|7|64,37|6|62|51|147|7|64,0.0016,0.4449666666666667
2,2|15,124,22,22|300|52,22|300|52,0.0005333333333333334,0.44461111111111107
7,2|16,46,16,89,16|89|3|2|36|61|89|78,0.0018666666666666666,0.6672888888888888
3,2|17,93,94,94|11|212|57,94|11|212|57,0.0008,0.44469999999999993
4,2|18,74,102,102|25|15|37|195,102|25|15|37|195,0.0010666666666666667,0.4447888888888889
3,2|19,93,29,29|14|151|180,29|14|151|180,0.0008,0.44469999999999993
2,2|20,124,255,255|79|40,255|79|40,0.0005333333333333334,0.44461111111111107
5,2|21,62,9,9|11|82|208|15|49,9|11|82|208|15|49,0.0013333333333333333,0.44487777777777776
6,2|22,53,9,9|20|16|110|39|44|136,9|20|16|110|39|44|136,0.0016,0.4449666666666667
5,2|23,62,16,16|92|19|169|29|49,16|92|19|169|29|49,0.0013333333333333333,0.44487777777777776
3,2|24,93,45,45|67|210|52,45|67|210|52,0.0008,0.44469999999999993
7,2|25,46,29,29|8|51|20|135|12|118|1,29|8|51|20|135|12|118|1,0.0018666666666666666,0.44505555555555554
4,2|26,74,62,62|84|96|61|71,62|84|96|61|71,0.0010666666666666667,0.4447888888888889
6,2|27,53,20,20|12|13|49|161|55|64,20|12|13|49|161|55|64,0.0016,0.4449666666666667
6,2|28,53,43,43|69|82|44|72|1|63,43|69|82|44|72|1|63,0.0016,0.4449666666666667
3,2|29,93,71,71,71|71|13|219,0.0008,0.6669333333333333
4,2|30,74,9,9|23|114|61|167,9|23|114|61|167,0.0010666666666666667,0.4447888888888889
6,2|31,53,32,32|5|68|40|189|39|1,32|5|68|40|189|39|1,0.0016,0.4449666666666667
2,2|32,124,62,62|132|180,62|132|180,0.0005333333333333334,0.44461111111111107
5,2|33,62,88,88|48|106|59|72|1,88|48|106|59|72|1,0.0013333333333333333,0.44487777777777776
6,2|34,53,9,9|49|98|72|73|58|15,9|49|98|72|73|58|15,0.0016,0.4449666666666667
2,2|35,124,179,179|146|49,179|146|49,0.0005333333333333334,0.44461111111111107
5,2|36,62,20,20|2|80|34|107|131,20|2|80|34|107|131,0.0013333333333333333,0.44487777777777776
5,2|37,62,29,29|16|97|96|79|57,29|16|97|96|79|57,0.0013333333333333333,0.44487777777777776
1,2|38,187,136,136|238,136|238,0.0002666666666666667,0.4445222222222222
4,2|39,74,22,22|90|4|26|232,22|90|4|26|232,0.0010666666666666667,0.4447888888888889
5,2|40,62,20,20|136|51|35|117|15,20|136|51|35|117|15,0.0013333333333333333,0.44487777777777776
2,2|41,124,62,62|239|73,62|239|73,0.0005333333333333334,0.44461111111111107
5,2|42,62,94,94|61|73|13|62|71,94|61|73|13|62|71,0.0013333333333333333,0.44487777777777776
4,2|43,74,127,127|116|53|38|40,127|116|53|38|40,0.0010666666666666667,0.4447888888888889
6,3|4,53,71,71|39|48|9|4|185|18,71|39|48|9|4|185|18,0.0016,0.4449666666666667
3,3|5,93,13,13|58|115|188,13|58|115|188,0.0008,0.44469999999999993
1,3|6,187,206,206|168,206|168,0.0002666666666666667,0.4445222222222222
5,3|7,62,63,63|43|76|8|10|174,63|43|76|8|10|174,0.0013333333333333333,0.44487777777777776
3,3|8,93,55,55|96|81|142,55|96|81|142,0.0008,0.44469999999999993
1,3|9,187,356,356|18,356|18,0.0002666666666666667,0.4445222222222222
6,3|10,53,111,111|8|26|38|49|96|46,111|8|26|38|49|96|46,0.0016,0.4449666666666667
5,3|11,62,13,13|147|30|10|77|97,13|147|30|10|77|97,0.0013333333333333333,0.44487777777777776
5,3|12,74,4,4|59|47|29|235,4|59|47|29|235,0.0013333333333333333,0.44487777777777776
2,3|13,124,328,328|18|28,328|18|28,0.0005333333333333334,0.44461111111111107
2,3|14,124,182,182|164|28,182|164|28,0.0005333333333333334,0.44461111111111107
3,3|15,93,4,4|169|59|142,4|169|59|142,0.0008,0.44469999999999993
4,3|16,74,110,110|1|139|8|116,110|1|139|8|116,0.0010666666666666667,0.4447888888888889
3,3|17,93,154,154|5|187|28,154|5|187|28,0.0008,0.44469999999999993
4,3|18,74,102,102|127|21|27|97,102|127|21|27|97,0.0010666666666666667,0.4447888888888889
4,3|19,74,33,33|149|8|68|116,33|149|8|68|116,0.0010666666666666667,0.4447888888888889
8,3|20,41,33,33|86|39|15|81|4|98|5|13,33|86|39|15|81|4|98|5|13,0.0021333333333333334,0.4451444444444444
3,3|21,93,33,33|69|226|46,33|69|226|46,0.0008,0.44469999999999993
5,3|22,62,171,171|11|52|4|16|120,171|11|52|4|16|120,0.0013333333333333333,0.44487777777777776
9,3|23,37,4,4|102|48|19|33|52|13|38|37|28,4|102|48|19|33|52|13|38|37|28,0.0024,0.4452333333333333
3,3|24,93,139,139|115|23|97,139|115|23|97,0.0008,0.44469999999999993
9,3|25,37,13,13|98|28|12|7|1|14|17|16|168,13|98|28|12|7|1|14|17|16|168,0.0024,0.4452333333333333
4,3|26,74,19,19|120|95|128|12,19|120|95|128|12,0.0010666666666666667,0.4447888888888889
1,3|27,187,160,160|214,160|214,0.0002666666666666667,0.4445222222222222
5,3|28,62,33,33|22|96|87|71|65,33|22|96|87|71|65,0.0013333333333333333,0.44487777777777776
4,3|29,74,13,13|58|163|75|65,13|58|163|75|65,0.0010666666666666667,0.4447888888888889
5,3|30,62,50,50|56|13|67|64|124,50|56|13|67|64|124,0.0013333333333333333,0.44487777777777776
3,3|31,93,145,145|22|104|103,145|22|104|103,0.0008,0.44469999999999993
5,3|32,62,50,50|104|29|126|47|18,50|104|29|126|47|18,0.0013333333333333333,0.44487777777777776
3,3|33,93,19,19|342|1|12,19|342|1|12,0.0008,0.44469999999999993
6,3|34,53,19,19|148|62|21|111|1|12,19|148|62|21|111|1|12,0.0016,0.4449666666666667
2,3|35,124,106,106|165|103,106|165|103,0.0005333333333333334,0.44461111111111107
3,3|36,93,102,102|132|20|120,102|132|20|120,0.0008,0.44469999999999993
4,3|37,74,158,158|28|52|39|97,158|28|52|39|97,0.0010666666666666667,0.4447888888888889
4,3|38,74,50,50|156|122|34|12,50|156|122|34|12,0.0010666666666666667,0.4447888888888889
6,3|39,53,119,119|40|1|26|14|32|142,119|40|1|26|14|32|142,0.0016,0.4449666666666667
6,3|40,53,63,88,63|88|20|12|88|90|13,0.0016,0.6671999999999999
6,3|41,53,50,50|5|56|49|11|29|174,50|5|56|49|11|29|174,0.0016,0.4449666666666667
3,3|42,93,159,159|24|46|145,159|24|46|145,0.0008,0.44469999999999993
2,3|43,124,167,167|62|145,167|62|145,0.0005333333333333334,0.44461111111111107
4,4|5,74,47,47|24|229|43|31,47|24|229|43|31,0.0010666666666666667,0.4447888888888889
2,4|6,124,225,225|132|17,225|132|17,0.0005333333333333334,0.44461111111111107
2,4|7,124,225,225|50|99,225|50|99,0.0005333333333333334,0.44461111111111107
7,4|8,46,61,61|13|40|16|23|10|2|209,61|13|40|16|23|10|2|209,0.0018666666666666666,0.44505555555555554
7,4|9,46,70,70|5|17|25|205|21|13|18,70|5|17|25|205|21|13|18,0.0018666666666666666,0.44505555555555554
4,4|10,74,117,117|32|126|42|57,117|32|126|42|57,0.0010666666666666667,0.4447888888888889
4,4|11,74,40,40|34|47|41|212,40|34|47|41|212,0.0010666666666666667,0.4447888888888889
5,4|12,62,82,82|28|20|32|17|195,82|28|20|32|17|195,0.0013333333333333333,0.44487777777777776
8,4|13,41,47,47|52|103|23|21|54|36|7|31,47|52|103|23|21|54|36|7|31,0.0021333333333333334,0.4451444444444444
5,4|14,62,75,46,75|46|125|46|65|17,0.0013333333333333333,0.6671111111111111
4,4|15,74,82,82|10|230|8|44,82|10|230|8|44,0.0010666666666666667,0.4447888888888889
6,4|16,53,47,47|63|11|41|45|39|128,47|63|11|41|45|39|128,0.0016,0.4449666666666667
5,4|17,62,130,130|73|79|35|40|17,130|73|79|35|40|17,0.0013333333333333333,0.44487777777777776
3,4|18,93,61,118,61|118|77|118,0.0008,0.6669333333333333
2,4|19,124,114,114|49|211,114|49|211,0.0005333333333333334,0.44461111111111107
5,4|20,62,70,70|44|35|9|198|18,70|44|35|9|198|18,0.0013333333333333333,0.44487777777777776
3,4|21,93,161,161|95|36|82,161|95|36|82,0.0008,0.44469999999999993
5,4|22,62,40,40|113|18|60|99|44,40|113|18|60|99|44,0.0013333333333333333,0.44487777777777776
3,4|23,93,291,291|39|6|38,291|39|6|38,0.0008,0.44469999999999993
4,4|24,74,92,92|7|223|15|37,92|7|223|15|37,0.0010666666666666667,0.4447888888888889
4,4|25,74,40,40|21|97|44|172,40|21|97|44|172,0.0010666666666666667,0.4447888888888889
3,4|26,93,40,40|122|69|143,40|122|69|143,0.0008,0.44469999999999993
3,4|27,93,163,163|119|9|83,163|119|9|83,0.0008,0.44469999999999993
2,4|28,124,282,282|55|37,282|55|37,0.0005333333333333334,0.44461111111111107
7,4|29,46,61,61|10|19|2|139|60|66|17,61|10|19|2|139|60|66|17,0.0018666666666666666,0.44505555555555554
2,4|30,124,161,161|46|167,161|46|167,0.0005333333333333334,0.44461111111111107
3,4|31,93,75,75|92|35|172,75|92|35|172,0.0008,0.44469999999999993
4,4|32,74,90,90|59|16|191|18,90|59|16|191|18,0.0010666666666666667,0.4447888888888889
6,4|33,53,82,82|8|59|53|44|90|38,82|8|59|53|44|90|38,0.0016,0.4449666666666667
4,4|34,74,75,75|90|2|124|83,75|90|2|124|83,0.0010666666666666667,0.4447888888888889
5,4|35,62,70,70|44|3|13|49|195,70|44|3|13|49|195,0.0013333333333333333,0.44487777777777776
6,4|36,53,74,74|47|82|28|44|62|37,74|47|82|28|44|62|37,0.0016,0.4449666666666667
4,4|37,74,153,153|5|45|114|57,153|5|45|114|57,0.0010666666666666667,0.4447888888888889
1,4|38,187,330,330|44,330|44,0.0002666666666666667,0.4445222222222222
2,4|39,124,99,99|238|37,99|238|37,0.0005333333333333334,0.44461111111111107
5,4|40,62,117,117|48|6|36|136|31,117|48|6|36|136|31,0.0013333333333333333,0.44487777777777776
4,4|41,74,47,47|52|72|104|99,47|52|72|104|99,0.0010666666666666667,0.4447888888888889
4,4|42,74,82,82,82|174|26|10|82,0.0010666666666666667,0.6670222222222222
4,4|43,74,70,70|91|6|36|171,70|91|6|36|171,0.0010666666666666667,0.4447888888888889
7,5|6,46,46,46|139|81|20|4|50|31|3,46|139|81|20|4|50|31|3,0.0018666666666666666,0.44505555555555554
4,5|7,74,46,46|203|62|60|3,46|203|62|60|3,0.0010666666666666667,0.4447888888888889
4,5|8,74,21,21|56|3|105|189,21|56|3|105|189,0.0010666666666666667,0.4447888888888889
6,5|9,53,228,13,228|13|45|13|12|32|31,0.0016,0.6671999999999999
2,5|10,124,5,5|75|294,5|75|294,0.0005333333333333334,0.44461111111111107
3,5|11,93,13,13|8|220|133,13|8|220|133,0.0008,0.44469999999999993
4,5|12,74,1,1|43|33|294|3,1|43|33|294|3,0.0010666666666666667,0.4447888888888889
9,5|13,37,6,6|41|33|35|93|11|81|40|3|31,6|41|33|35|93|11|81|40|3|31,0.0024,0.4452333333333333
5,5|14,62,54,54|61|104|47|24|84,54|61|104|47|24|84,0.0013333333333333333,0.44487777777777776
5,5|16,62,16,16|5|26|129|114|84,16|5|26|129|114|84,0.0013333333333333333,0.44487777777777776
1,5|17,187,77,77|297,77|297,0.0002666666666666667,0.4445222222222222
2,5|18,124,26,26|197|151,26|197|151,0.0005333333333333334,0.44461111111111107
2,5|19,124,6,6|217|151,6|217|151,0.0005333333333333334,0.44461111111111107
3,5|20,93,80,80|115|54|125,80|115|54|125,0.0008,0.44469999999999993
2,5|21,124,5,5|1|368,5|1|368,0.0005333333333333334,0.44461111111111107
1,5|22,187,208,208|166,208|166,0.0002666666666666667,0.4445222222222222
4,5|23,74,1,1|15|60|136|162,1|15|60|136|162,0.0010666666666666667,0.4447888888888889
2,5|24,124,69,69|143|162,69|143|162,0.0005333333333333334,0.44461111111111107
4,5|25,74,6,6|7|31|179|151,6|7|31|179|151,0.0010666666666666667,0.4447888888888889
6,5|26,53,44,44|32|39|61|90|74|34,44|32|39|61|90|74|34,0.0016,0.4449666666666667
3,5|27,93,69,69|116|10|179,69|116|10|179,0.0008,0.44469999999999993
5,5|28,62,1,1|4|41|8|257|63,1|4|41|8|257|63,0.0013333333333333333,0.44487777777777776
5,5|29,62,13,13|40|18|141|87|75,13|40|18|141|87|75,0.0013333333333333333,0.44487777777777776
2,5|30,124,186,186|9|179,186|9|179,0.0005333333333333334,0.44461111111111107
3,5|31,93,54,54|61|151|108,54|61|151|108,0.0008,0.44469999999999993
5,5|32,62,21,21|25|23|7|100|198,21|25|23|7|100|198,0.0013333333333333333,0.44487777777777776
2,5|33,124,53,53|186|135,53|186|135,0.0005333333333333334,0.44461111111111107
5,5|34,62,53,53|155|20|11|10|125,53|155|20|11|10|125,0.0013333333333333333,0.44487777777777776
4,5|35,74,1,1|68|150|71|84,1|68|150|71|84,0.0010666666666666667,0.4447888888888889
1,5|36,187,176,176|198,176|198,0.0002666666666666667,0.4445222222222222
3,5|37,93,186,186|63|122|3,186|63|122|3,0.0008,0.44469999999999993
3,5|38,93,26,26|50|119|179,26|50|119|179,0.0008,0.44469999999999993
4,5|39,74,53,53|1|132|100|88,53|1|132|100|88,0.0010666666666666667,0.4447888888888889
1,5|40,187,343,343|31,343|31,0.0002666666666666667,0.4445222222222222
4,5|41,74,26,26|21|176|16|135,26|21|176|16|135,0.0010666666666666667,0.4447888888888889
6,5|42,53,5,13,5|214|9|13|45|13|75,0.0016,0.6671999999999999
5,5|43,62,44,44|33|131|4|27|135,44|33|131|4|27|135,0.0013333333333333333,0.44487777777777776
4,6|7,74,46,46|122|57|146|3,46|122|57|146|3,0.0010666666666666667,0.4447888888888889
5,6|8,62,131,131|37|9|8|119|70,131|37|9|8|119|70,0.0013333333333333333,0.44487777777777776
2,6|9,124,286,286|62|26,286|62|26,0.0005333333333333334,0.44461111111111107
3,6|10,93,65,65|116|83|110,65|116|83|110,0.0008,0.44469999999999993
1,6|11,187,295,295|79,295|79,0.0002666666666666667,0.4445222222222222
7,6|12,46,141,141|6|34|55|59|43|33|3,141|6|34|55|59|43|33|3,0.0018666666666666666,0.44505555555555554
6,6|13,53,131,131|46|16|32|79|36|34,131|46|16|32|79|36|34,0.0016,0.4449666666666667
9,6|14,37,28,28|37|18|58|36|89|24|51|16|17,28|37|18|58|36|89|24|51|16|17,0.0024,0.4452333333333333
5,6|15,62,141,141|6|46|66|89|26,141|6|46|66|89|26,0.0013333333333333333,0.44487777777777776
4,6|16,74,236,236|4|50|6|78,236|4|50|6|78,0.0010666666666666667,0.4447888888888889
5,6|17,62,172,172|75|48|2|60|17,172|75|48|2|60|17,0.0013333333333333333,0.44487777777777776
3,6|18,93,10,10|171|157|36,10|171|157|36,0.0008,0.44469999999999993
3,6|19,93,125,125|134|113|2,125|134|113|2,0.0008,0.44469999999999993
3,6|20,93,216,216|24|41|93,216|24|41|93,0.0008,0.44469999999999993
2,6|21,124,28,28|208|138,28|208|138,0.0005333333333333334,0.44461111111111107
3,6|22,93,65,65|110|5|194,65|110|5|194,0.0008,0.44469999999999993
5,6|23,62,125,125|81|58|32|1|77,125|81|58|32|1|77,0.0013333333333333333,0.44487777777777776
2,6|24,124,172,172|68|134,172|68|134,0.0005333333333333334,0.44461111111111107
6,6|25,53,83,83|42|55|26|75|91|2,83|42|55|26|75|91|2,0.0016,0.4449666666666667
4,6|26,74,147,147|46|73|74|34,147|46|73|74|34,0.0010666666666666667,0.4447888888888889
6,6|27,53,135,135|33|17|74|22|16|77,135|33|17|74|22|16|77,0.0016,0.4449666666666667
5,6|28,62,28,28|18|85|49|192|2,28|18|85|49|192|2,0.0013333333333333333,0.44487777777777776
5,6|29,62,83,83|48|3|170|53|17,83|48|3|170|53|17,0.0013333333333333333,0.44487777777777776
1,6|30,187,240,240|134,240|134,0.0002666666666666667,0.4445222222222222
5,6|31,62,193,193|54|17|2|38|70,193|54|17|2|38|70,0.0013333333333333333,0.44487777777777776
5,6|32,62,46,46|89|112|50|44|33,46|89|112|50|44|33,0.0013333333333333333,0.44487777777777776
3,6|33,93,175,175|41|20|138,175|41|20|138,0.0008,0.44469999999999993
5,6|34,62,10,10|124|34|96|77|33,10|124|34|96|77|33,0.0013333333333333333,0.44487777777777776
3,6|35,93,28,28|119|143|84,28|119|143|84,0.0008,0.44469999999999993
4,6|36,74,175,175|41|122|34|2,175|41|122|34|2,0.0010666666666666667,0.4447888888888889
3,6|37,93,177,177|171|23|3,177|171|23|3,0.0008,0.44469999999999993
2,6|38,124,141,141|65|168,141|65|168,0.0005333333333333334,0.44461111111111107
4,6|39,74,65,65|107|9|105|88,65|107|9|105|88,0.0010666666666666667,0.4447888888888889
4,6|40,74,10,10|125|45|115|79,10|125|45|115|79,0.0010666666666666667,0.4447888888888889
5,6|41,62,125,41,125|9|41|41|31|127,0.0013333333333333333,0.6671111111111111
7,6|42,46,83,83|51|1|124|27|55|7|26,83|51|1|124|27|55|7|26,0.0018666666666666666,0.44505555555555554
4,6|43,74,10,10|162|109|15|78,10|162|109|15|78,0.0010666666666666667,0.4447888888888889
2,7|8,124,168,168|85|121,168|85|121,0.0005333333333333334,0.44461111111111107
3,7|9,93,58,58|133|120|63,58|133|120|63,0.0008,0.44469999999999993
3,7|10,93,87,87|188|23|76,87|188|23|76,0.0008,0.44469999999999993
5,7|11,62,31,31|159|10|17|116|41,31|159|10|17|116|41,0.0013333333333333333,0.44487777777777776
6,7|12,62,58,58|5|194|95|19|3,58|5|194|95|19|3,0.0016,0.4449666666666667
1,7|13,187,225,225|149,225|149,0.0002666666666666667,0.4445222222222222
4,7|14,74,37,37|20|3|122|192,37|20|3|122|192,0.0010666666666666667,0.4447888888888889
1,7|15,187,8,8|366,8|366,0.0002666666666666667,0.4445222222222222
6,7|16,53,31,26,31|26|52|82|26|68|89,0.0016,0.6671999999999999
1,7|17,187,280,280|94,280|94,0.0002666666666666667,0.4445222222222222
5,7|18,62,36,36|21|196|27|5|89,36|21|196|27|5|89,0.0013333333333333333,0.44487777777777776
5,7|19,62,7,7|102|73|8|162|22,7|102|73|8|162|22,0.0013333333333333333,0.44487777777777776
3,7|20,93,109,109|140|24|101,109|140|24|101,0.0008,0.44469999999999993
1,7|21,187,352,352|22,352|22,0.0002666666666666667,0.4445222222222222
3,7|22,93,133,133|49|183|9,133|49|183|9,0.0008,0.44469999999999993
7,7|23,46,8,8|28|70|111|116|17|1|23,8|28|70|111|116|17|1|23,0.0018666666666666666,0.44505555555555554
4,7|24,74,42,42|149|107|52|24,42|149|107|52|24,0.0010666666666666667,0.4447888888888889
5,7|25,62,37,37|50|46|57|63|121,37|50|46|57|63|121,0.0013333333333333333,0.44487777777777776
1,7|26,187,257,257|117,257|117,0.0002666666666666667,0.4445222222222222
3,7|27,93,7,7|80|81|206,7|80|81|206,0.0008,0.44469999999999993
2,7|28,124,46,46|265|63,46|265|63,0.0005333333333333334,0.44461111111111107
2,7|29,124,42,42|323|9,42|323|9,0.0005333333333333334,0.44461111111111107
6,7|30,53,8,23,8|23|11|64|174|71|23,0.0016,0.6671999999999999
5,7|31,62,7,7|29|1|154|107|76,7|29|1|154|107|76,0.0013333333333333333,0.44487777777777776
3,7|32,93,8,8|38|319|9,8|38|319|9,0.0008,0.44469999999999993
2,7|33,124,280,280|71|23,280|71|23,0.0005333333333333334,0.44461111111111107
4,7|34,74,58,58|110|81|101|24,58|110|81|101|24,0.0010666666666666667,0.4447888888888889
3,7|35,93,31,31|29|46|268,31|29|46|268,0.0008,0.44469999999999993
7,7|36,46,7,76,7|29|21|76|140|2|76|23,0.0018666666666666666,0.6672888888888888
6,7|37,53,109,18,109|24|116|18|18|86|3,0.0016,0.6671999999999999
2,7|38,124,42,42|225|107,42|225|107,0.0005333333333333334,0.44461111111111107
3,7|39,93,200,200|67|83|24,200|67|83|24,0.0008,0.44469999999999993
2,7|40,124,63,63|222|89,63|222|89,0.0005333333333333334,0.44461111111111107
5,7|41,62,200,200|67|8|58|32|9,200|67|8|58|32|9,0.0013333333333333333,0.44487777777777776
1,7|42,187,273,273|101,273|101,0.0002666666666666667,0.4445222222222222
6,7|43,53,60,60|193|4|16|25|35|41,60|193|4|16|25|35|41,0.0016,0.4449666666666667
3,8|9,93,88,88|28|114|144,88|28|114|144,0.0008,0.44469999999999993
2,8|10,124,80,80|152|142,80|152|142,0.0005333333333333334,0.44461111111111107
6,8|11,53,21,21|47|6|33|141|13|113,21|47|6|33|141|13|113,0.0016,0.4449666666666667
6,8|12,53,52,52|25|39|14|184|50|10,52|25|39|14|184|50|10,0.0016,0.4449666666666667
5,8|13,62,80,80|27|24|46|127|70,80|27|24|46|127|70,0.0013333333333333333,0.44487777777777776
6,8|14,53,2,2|41|8|45|81|128|69,2|41|8|45|81|128|69,0.0016,0.4449666666666667
3,8|15,93,68,68|124|40|142,68|124|40|142,0.0008,0.44469999999999993
4,8|16,74,21,21|31|170|113|39,21|31|170|113|39,0.0010666666666666667,0.4447888888888889
6,8|17,53,35,35|42|19|34|85|46|113,35|42|19|34|85|46|113,0.0016,0.4449666666666667
3,8|18,93,61,61|46|146|121,61|46|146|121,0.0008,0.44469999999999993
7,8|19,46,43,43|30|24|17|49|67|105|39,43|30|24|17|49|67|105|39,0.0018666666666666666,0.44505555555555554
6,8|20,53,80,80|34|99|42|50|59|10,80|34|99|42|50|59|10,0.0016,0.4449666666666667
3,8|21,93,52,52|92|71|159,52|92|71|159,0.0008,0.44469999999999993
5,8|22,62,97,97|56|95|57|9|60,97|56|95|57|9|60,0.0013333333333333333,0.44487777777777776
5,8|23,62,51,51|45|134|31|22|91,51|45|134|31|22|91,0.0013333333333333333,0.44487777777777776
2,8|24,124,227,227|56|91,227|56|91,0.0005333333333333334,0.44461111111111107
9,8|25,37,61,61|12|15|9|54|64|7|31|2|119,61|12|15|9|54|64|7|31|2|119,0.0024,0.4452333333333333
2,8|26,124,35,35|192|147,35|192|147,0.0005333333333333334,0.44461111111111107
7,8|27,46,35,17,35|17|55|56|5|17|70|119,0.0018666666666666666,0.6672888888888888
6,8|28,53,2,41,2|41|12|76|20|41|182,0.0016,0.6671999999999999
4,8|29,74,61,61|70|173|10|60,61|70|173|10|60,0.0010666666666666667,0.4447888888888889
2,8|31,124,35,35|269|70,35|269|70,0.0005333333333333334,0.44461111111111107
4,8|32,74,21,21|144|48|70|91,21|144|48|70|91,0.0010666666666666667,0.4447888888888889
2,8|33,124,88,88|139|147,88|139|147,0.0005333333333333334,0.44461111111111107
4,8|34,74,2,2|142|21|3|206,2|142|21|3|206,0.0010666666666666667,0.4447888888888889
7,8|35,46,68,68|46|16|14|83|21|87|39,68|46|16|14|83|21|87|39,0.0018666666666666666,0.44505555555555554
6,8|36,53,73,73|1|139|9|61|81|10,73|1|139|9|61|81|10,0.0016,0.4449666666666667
4,8|37,74,96,96|57|24|45|152,96|57|24|45|152,0.0010666666666666667,0.4447888888888889
4,8|38,74,73,73|24|95|38|144,73|24|95|38|144,0.0010666666666666667,0.4447888888888889
4,8|39,74,116,116,116|116|29|53|60,0.0010666666666666667,0.6670222222222222
7,8|40,46,51,51|17|83|14|48|2|149|10,51|17|83|14|48|2|149|10,0.0018666666666666666,0.44505555555555554
3,8|41,93,55,55|193|87|39,55|193|87|39,0.0008,0.44469999999999993
2,8|42,124,192,192|113|69,192|113|69,0.0005333333333333334,0.44461111111111107
2,8|43,124,77,77|176|121,77|176|121,0.0005333333333333334,0.44461111111111107
1,9|10,187,117,117|257,117|257,0.0002666666666666667,0.4445222222222222
1,9|11,187,241,241|133,241|133,0.0002666666666666667,0.4445222222222222
8,9|12,41,58,58|1|57|27|117|29|24|46|15,58|1|57|27|117|29|24|46|15,0.0021333333333333334,0.4451444444444444
4,9|13,74,25,25|113|61|144|31,25|113|61|144|31,0.0010666666666666667,0.4447888888888889
3,9|14,93,75,75|122|17|160,75|122|17|160,0.0008,0.44469999999999993
4,9|15,74,92,26,92|184|46|26|26,0.0010666666666666667,0.6670222222222222
4,9|16,74,25,25|132|34|69|114,25|132|34|69|114,0.0010666666666666667,0.4447888888888889
3,9|17,93,24,24|43|27|280,24|43|27|280,0.0008,0.44469999999999993
4,9|18,74,138,138|122|29|24|61,138|122|29|24|61,0.0010666666666666667,0.4447888888888889
4,9|19,74,17,17|121|92|46|98,17|121|92|46|98,0.0010666666666666667,0.4447888888888889
5,9|20,62,17,17|53|87|199|2|16,17|53|87|199|2|16,0.0013333333333333333,0.44487777777777776
2,9|23,124,59,59|171|144,59|171|144,0.0005333333333333334,0.44461111111111107
5,9|24,62,3,3|89|99|131|36|16,3|89|99|131|36|16,0.0013333333333333333,0.44487777777777776
3,9|25,93,3,3|85|109|177,3|85|109|177,0.0008,0.44469999999999993
1,9|26,187,197,197|177,197|177,0.0002666666666666667,0.4445222222222222
4,9|27,74,3,3|91|26|156|98,3|91|26|156|98,0.0010666666666666667,0.4447888888888889
5,9|28,62,24,24|43|90|57|97|63,24|43|90|57|97|63,0.0013333333333333333,0.44487777777777776
3,9|29,93,92,92|28|179|75,92|28|179|75,0.0008,0.44469999999999993
2,9|30,124,25,25|251|98,25|251|98,0.0005333333333333334,0.44461111111111107
6,9|31,53,67,8,67|8|68|48|8|159|16,0.0016,0.6671999999999999
2,9|32,124,289,289|67|18,289|67|18,0.0005333333333333334,0.44461111111111107
7,9|33,46,59,59|29|50|5|56|15|144|16,59|29|50|5|56|15|144|16,0.0018666666666666666,0.44505555555555554
5,9|34,62,58,58|17|153|32|99|15,58|17|153|32|99|15,0.0013333333333333333,0.44487777777777776
4,9|35,74,24,24|46|47|3|254,24|46|47|3|254,0.0010666666666666667,0.4447888888888889
2,9|36,124,17,17|42|315,17|42|315,0.0005333333333333334,0.44461111111111107
5,9|37,62,17,17|140|40|116|35|26,17|140|40|116|35|26,0.0013333333333333333,0.44487777777777776
3,9|38,93,24,24|206|59|85,24|206|59|85,0.0008,0.44469999999999993
2,9|39,124,116,116|170|88,116|170|88,0.0005333333333333334,0.44461111111111107
5,9|40,62,3,3|64|50|226|16|15,3|64|50|226|16|15,0.0013333333333333333,0.44487777777777776
2,9|41,124,199,199|114|61,199|114|61,0.0005333333333333334,0.44461111111111107
6,9|42,53,94,13,94|134|13|45|13|49|26,0.0016,0.6671999999999999
3,9|43,93,70,70|73|71|160,70|73|71|160,0.0008,0.44469999999999993
3,10|11,93,30,30|61|49|234,30|61|49|234,0.0008,0.44469999999999993
5,10|12,62,132,132|49|29|25|35|104,132|49|29|25|35|104,0.0013333333333333333,0.44487777777777776
4,10|13,74,48,48|32|130|118|46,48|32|130|118|46,0.0010666666666666667,0.4447888888888889
7,10|14,46,65,65|85|6|40|2|26|55|95,65|85|6|40|2|26|55|95,0.0018666666666666666,0.44505555555555554
5,10|15,62,81,10,81|10|10|39|92|142,0.0013333333333333333,0.6671111111111111
6,10|16,53,101,101|7|3|159|61|23|20,101|7|3|159|61|23|20,0.0016,0.4449666666666667
4,10|17,74,166,166|104|47|15|42,166|104|47|15|42,0.0010666666666666667,0.4447888888888889
5,10|18,62,34,34|147|87|11|75|20,34|147|87|11|75|20,0.0013333333333333333,0.44487777777777776
3,10|19,93,196,196|72|63|43,196|72|63|43,0.0008,0.44469999999999993
8,10|20,41,27,27|53|1|38|18|12|75|55|95,27|53|1|38|18|12|75|55|95,0.0021333333333333334,0.4451444444444444
6,10|21,53,5,5|22|7|190|101|3|46,5|22|7|190|101|3|46,0.0016,0.4449666666666667
2,10|22,124,48,48|17|309,48|17|309,0.0005333333333333334,0.44461111111111107
6,10|23,53,108,108|79|77|24|37|6|43,108|79|77|24|37|6|43,0.0016,0.4449666666666667
4,10|24,74,34,34|132,34|132|132|34|42,0.0010666666666666667,0.4447888888888889
7,10|25,46,87,21,87|21|3|21|5|15|136|86,0.0018666666666666666,0.6672888888888888
2,10|26,124,48,48|240|86,48|240|86,0.0005333333333333334,0.44461111111111107
5,10|27,62,32,32|55|45|18|120|104,32|55|45|18|120|104,0.0013333333333333333,0.44487777777777776
4,10|28,74,5,5|86|46|192|45,5|86|46|192|45,0.0010666666666666667,0.4447888888888889
4,10|29,74,101,101|51|14|32|176,101|51|14|32|176,0.0010666666666666667,0.4447888888888889
4,10|30,74,32,32|87|18|61|176,32|87|18|61|176,0.0010666666666666667,0.4447888888888889
5,10|31,62,32,32|108|5|119|34|76,32|108|5|119|34|76,0.0013333333333333333,0.44487777777777776
4,10|32,74,81,81|68|34|27|164,81|68|34|27|164,0.0010666666666666667,0.4447888888888889
3,10|33,93,149,149|130|9|86,149|130|9|86,0.0008,0.44469999999999993
5,10|34,62,27,27|129|79|29|67|43,27|129|79|29|67|43,0.0013333333333333333,0.44487777777777776
8,10|35,41,91,91|26|33|2|83|90|4|25|20,91|26|33|2|83|90|4|25|20,0.0021333333333333334,0.4451444444444444
4,10|36,74,27,27|208|33|7|99,27|208|33|7|99,0.0010666666666666667,0.4447888888888889
4,10|37,74,30,30|122|165|15|42,30|122|165|15|42,0.0010666666666666667,0.4447888888888889
4,10|38,74,140,140|47|23|118|46,140|47|23|118|46,0.0010666666666666667,0.4447888888888889
6,10|39,53,65,36,65|36|18|62|15|36|142,0.0016,0.6671999999999999
5,10|40,62,30,30|87|39|27|171|20,30|87|39|27|171|20,0.0013333333333333333,0.44487777777777776
9,10|41,37,30,30|51,30|51|30|21|18|46|28|51|54|45,0.0024,0.4452333333333333
5,10|42,62,5,5|43|135|15|134|42,5|43|135|15|134|42,0.0013333333333333333,0.44487777777777776
5,10|43,62,34,34|132|21|81|30|76,34|132|21|81|30|76,0.0013333333333333333,0.44487777777777776
4,11|12,74,162,162|90|13|30|79,162|90|13|30|79,0.0010666666666666667,0.4447888888888889
1,11|13,187,107,107|267,107|267,0.0002666666666666667,0.4445222222222222
2,11|14,124,121,121|5|248,121|5|248,0.0005333333333333334,0.44461111111111107
4,11|15,74,68,68|23|49|168|66,68|23|49|168|66,0.0010666666666666667,0.4447888888888889
5,11|16,62,21,21|10|90|41|55|157,21|10|90|41|55|157,0.0013333333333333333,0.44487777777777776
2,11|17,124,261,261|34|79,261|34|79,0.0005333333333333334,0.44461111111111107
5,11|18,62,107,107|20|2|148|38|59,107|20|2|148|38|59,0.0013333333333333333,0.44487777777777776
3,11|19,93,103,103|87|178|6,103|87|178|6,0.0008,0.44469999999999993
3,11|20,93,72,72|54|85|163,72|54|85|163,0.0008,0.44469999999999993
5,11|21,62,72,72|26|113|9|101|53,72|26|113|9|101|53,0.0013333333333333333,0.44487777777777776
2,11|22,124,40,40|208|126,40|208|126,0.0005333333333333334,0.44461111111111107
8,11|23,41,127,127|84|6|44|46|1|7|18|41,127|84|6|44|46|1|7|18|41,0.0021333333333333334,0.4451444444444444
3,11|24,93,112,112|165|31|66,112|165|31|66,0.0008,0.44469999999999993
5,11|25,62,13,13|27|150|62|56|66,13|27|150|62|56|66,0.0013333333333333333,0.44487777777777776
4,11|26,74,40,40|22|100|80|132,40|22|100|80|132,0.0010666666666666667,0.4447888888888889
4,11|27,74,107,107|53|60|148|6,107|53|60|148|6,0.0010666666666666667,0.4447888888888889
4,11|28,74,91,91|21|254|2|6,91|21|254|2|6,0.0010666666666666667,0.4447888888888889
3,11|29,93,13,13|90|26|245,13|90|26|245,0.0008,0.44469999999999993
2,11|30,124,31,31|95|248,31|95|248,0.0005333333333333334,0.44461111111111107
3,11|31,93,140,140|181|45|8,140|181|45|8,0.0008,0.44469999999999993
5,11|32,62,21,21|41|149|104|6|53,21|41|149|104|6|53,0.0013333333333333333,0.44487777777777776
5,11|33,62,98,98|38|106|10|55|67,98|38|106|10|55|67,0.0013333333333333333,0.44487777777777776
1,11|34,187,126,126|248,126|248,0.0002666666666666667,0.4445222222222222
5,11|35,62,31,31|37|23|38|119|126,31|37|23|38|119|126,0.0013333333333333333,0.44487777777777776
5,11|36,62,74,74|29|18|15|171|67,74|29|18|15|171|67,0.0013333333333333333,0.44487777777777776
4,11|37,74,30,30|99|148|91|6,30|99|148|91|6,0.0010666666666666667,0.4447888888888889
3,11|38,93,72,72|64|4|234,72|64|4|234,0.0008,0.44469999999999993
8,11|39,41,98,98|14|48|40|52|9|4|56|53,98|14|48|40|52|9|4|56|53,0.0021333333333333334,0.4451444444444444
8,11|40,41,30,30,30|38|4|31|139|23|30|20|59,0.0021333333333333334,0.6673777777777778
8,11|41,41,30,30|32|98|40|20|28|85|33|8,30|32|98|40|20|28|85|33|8,0.0021333333333333334,0.4451444444444444
2,11|42,124,241,241|66|67,241|66|67,0.0005333333333333334,0.44461111111111107
5,11|43,62,98,98|29|93|45|68|41,98|29|93|45|68|41,0.0013333333333333333,0.44487777777777776
1,12|12,7,0,1,0|1|3|8|32|8|6|1|4|14|5|4|14|10|3|3|14|2|7|2|2|3|1|15|17|2|29|25|1|1|7|8|5|3|2|3|5|2|17|4|1|1|18|1|24|14|7|4|1|5|2|3,0.0002666666666666667,0.4434222222222222
4,12|13,74,210,210|52|32|69|11,210|52|32|69|11,0.0010666666666666667,0.4447888888888889
1,12|14,187,141,141|233,141|233,0.0002666666666666667,0.4445222222222222
6,12|15,53,4,4|78|18|41|6|147|80,4|78|18|41|6|147|80,0.0016,0.4449666666666667
8,12|16,41,52,10,52|48|10|36|16|74|24|10|104,0.0021333333333333334,0.6673777777777778
4,12|17,74,77,77|53|140|25|79,77|53|140|25|79,0.0010666666666666667,0.4447888888888889
7,12|18,46,179,179|2|79|29|5|19|25|36,179|2|79|29|5|19|25|36,0.0018666666666666666,0.44505555555555554
6,12|19,53,0,0|12|101|180|59|17|5,0|12|101|180|59|17|5,0.0016,0.22163333333333335
4,12|20,74,12,12|101|124|127|10,12|101|124|127|10,0.0010666666666666667,0.4447888888888889
3,12|21,93,52,52|184|116|22,52|184|116|22,0.0008,0.44469999999999993
3,12|22,93,86,86|228|55|5,86|228|55|5,0.0008,0.44469999999999993
4,12|23,74,1,1|3|55|203|112,1|3|55|203|112,0.0010666666666666667,0.4447888888888889
2,12|24,124,0,0|139|235,0|139|235,0.0005333333333333334,0.2212777777777778
6,12|25,53,44,44|88|7|105|8|111|11,44|88|7|105|8|111|11,0.0016,0.4449666666666667
6,12|26,53,44,95,44|95|7|1|15|95|117,0.0016,0.6671999999999999
4,12|27,74,52,52|80|138|23|81,52|80|138|23|81,0.0010666666666666667,0.4447888888888889
3,12|28,93,1,1|271|21|81,1|271|21|81,0.0008,0.44469999999999993
2,12|29,124,113,113|201|60,113|201|60,0.0005333333333333334,0.44461111111111107
3,12|30,93,86,86|60|126|102,86|60|126|102,0.0008,0.44469999999999993
4,12|31,74,86,86|57|151|69|11,86|57|151|69|11,0.0010666666666666667,0.4447888888888889
3,12|32,93,210,210|34|45|85,210|34|45|85,0.0008,0.44469999999999993
8,12|33,41,12,8,12|47|23|61|93|8|8|20|102,0.0021333333333333334,0.6673777777777778
5,12|34,62,58,58|28|149|25|99|15,58|28|149|25|99|15,0.0013333333333333333,0.44487777777777776
7,12|35,46,1,1|129|17|32|56|27|107|5,1|129|17|32|56|27|107|5,0.0018666666666666666,0.44505555555555554
4,12|36,74,59,59|176|103|26|10,59|176|103|26|10,0.0010666666666666667,0.4447888888888889
4,12|37,74,0,0|12|301|58|3,0|12|301|58|3,0.0010666666666666667,0.22145555555555554
5,12|38,62,100,100|41|69|79|80|5,100|41|69|79|80|5,0.0013333333333333333,0.44487777777777776
8,12|39,41,100,100|16|65|56|15|10|3|49|60,100|16|65|56|15|10|3|49|60,0.0021333333333333334,0.4451444444444444
6,12|40,62,63,63|202|30|64|5|10,63|202|30|64|5|10,0.0016,0.4449666666666667
5,12|41,62,132,132|105|7|49|20|61,132|105|7|49|20|61,0.0013333333333333333,0.44487777777777776
3,12|42,93,0,0|82|281|11,0|82|281|11,0.0008,0.22136666666666668
6,12|43,53,44,44|33|36|30|114|8|109,44|33|36|30|114|8|109,0.0016,0.4449666666666667
6,13|14,53,115,115|62|42|27|57|43|28,115|62|42|27|57|43|28,0.0016,0.4449666666666667
4,13|15,74,193,193|81|20|45|35,193|81|20|45|35,0.0010666666666666667,0.4447888888888889
4,13|16,74,25,25|22|199|17|111,25|22|199|17|111,0.0010666666666666667,0.4447888888888889
1,13|17,187,346,346|28,346|28,0.0002666666666666667,0.4445222222222222
4,13|18,74,107,107|31|156|45|35,107|31|156|45|35,0.0010666666666666667,0.4447888888888889
2,13|19,124,6,6|132|236,6|132|236,0.0005333333333333334,0.44461111111111107
3,13|20,93,80,80|240|40|14,80|240|40|14,0.0008,0.44469999999999993
2,13|21,124,6,6|322|46,6|322|46,0.0005333333333333334,0.44461111111111107
3,13|22,93,23,23|25|160|166,23|25|160|166,0.0008,0.44469999999999993
3,13|23,93,262,262|74|10|28,262|74|10|28,0.0008,0.44469999999999993
3,13|24,93,39,39|60|175|100,39|60|175|100,0.0008,0.44469999999999993
5,13|25,62,6,6|50|146|41|120|11,6|50|146|41|120|11,0.0013333333333333333,0.44487777777777776
7,13|26,46,48,48|67|78|110|36|1|20|14,48|67|78|110|36|1|20|14,0.0018666666666666666,0.44505555555555554
3,13|27,93,23,23|16|68|267,23|16|68|267,0.0008,0.44469999999999993
3,13|28,93,131,131|132|57|54,131|132|57|54,0.0008,0.44469999999999993
4,13|29,74,38,38|93|173|56|14,38|93|173|56|14,0.0010666666666666667,0.4447888888888889
3,13|30,93,25,25|13|18|318,25|13|18|318,0.0008,0.44469999999999993
7,13|31,46,115,115|78|6|3|92|10|59|11,115|78|6|3|92|10|59|11,0.0018666666666666666,0.44505555555555554
2,13|32,124,164,164,164|46|164,0.0005333333333333334,0.6668444444444445
6,13|33,53,138,138|61|3|44|28|62|38,138|61|3|44|28|62|38,0.0016,0.4449666666666667
2,13|34,124,208,208|55|111,208|55|111,0.0005333333333333334,0.44461111111111107
3,13|35,93,219,219|43|58|54,219|43|58|54,0.0008,0.44469999999999993
2,13|36,124,56,56|187|131,56|187|131,0.0005333333333333334,0.44461111111111107
3,13|37,93,164,164|13|86|111,164|13|86|111,0.0008,0.44469999999999993
2,13|38,124,210,210|118|46,210|118|46,0.0005333333333333334,0.44461111111111107
3,13|39,93,39,39|60|163|112,39|60|163|112,0.0008,0.44469999999999993
6,13|40,53,23,23,23|15|236|46|23|17|14,0.0016,0.6671999999999999
5,13|41,62,23,23|24|9|43|100|175,23|24|9|43|100|175,0.0013333333333333333,0.44487777777777776
5,13|42,62,38,38|10|171|84|60|11,38|10|171|84|60|11,0.0013333333333333333,0.44487777777777776
4,13|43,74,164,35,164|44|35|96|35,0.0010666666666666667,0.6670222222222222
3,14|15,93,141,141|64|144|25,141|64|144|25,0.0008,0.44469999999999993
5,14|16,62,57,57|48|16|125|44|84,57|48|16|125|44|84,0.0013333333333333333,0.44487777777777776
4,14|17,74,96,96|9|241|11|17,96|9|241|11|17,0.0010666666666666667,0.4447888888888889
4,14|18,74,57,57|22|126|74|95,57|22|126|74|95,0.0010666666666666667,0.4447888888888889
3,14|19,93,43,43|139|14|178,43|139|14|178,0.0008,0.44469999999999993
6,14|20,53,126,126|78|20|55|26|44|25,126|78|20|55|26|44|25,0.0016,0.4449666666666667
4,14|21,74,28,28|196|68|18|64,28|196|68|18|64,0.0010666666666666667,0.4447888888888889
4,14|22,74,65,65|14|103|123|69,65|14|103|123|69,0.0010666666666666667,0.4447888888888889
3,14|23,93,51,51|45|250|28,51|45|250|28,0.0008,0.44469999999999993
1,14|24,187,204,204|170,204|170,0.0002666666666666667,0.4445222222222222
7,14|25,46,37,37|46|114|7|1|139|5|25,37|46|114|7|1|139|5|25,0.0018666666666666666,0.44505555555555554
4,14|26,74,115,115|82|69|37|71,115|82|69|37|71,0.0010666666666666667,0.4447888888888889
3,14|27,93,150,150|119|41|64,150|119|41|64,0.0008,0.44469999999999993
7,14|28,46,2,2|26|15|11|160|96|34|30,2|26|15|11|160|96|34|30,0.0018666666666666666,0.44505555555555554
3,14|29,93,83,83|115|159|17,83|115|159|17,0.0008,0.44469999999999993
3,14|30,93,126,72,126|72|104|72,0.0008,0.6669333333333333
6,14|31,53,37,37|17|21|30|10|151|108,37|17|21|30|10|151|108,0.0016,0.4449666666666667
1,14|32,187,341,341|33,341|33,0.0002666666666666667,0.4445222222222222
3,14|33,93,214,214|32|33|95,214|32|33|95,0.0008,0.44469999999999993
6,14|34,53,2,2|73|51|30|113|72|33,2|73|51|30|113|72|33,0.0016,0.4449666666666667
6,14|35,53,28,28|32|90|69|71|12|72,28|32|90|69|71|12|72,0.0016,0.4449666666666667
2,14|36,124,57,57|64|253,57|64|253,0.0005333333333333334,0.44461111111111107
6,14|37,53,96,96|81|20|72|33|42|30,96|81|20|72|33|42|30,0.0016,0.4449666666666667
1,14|38,187,141,141|233,141|233,0.0002666666666666667,0.4445222222222222
4,14|39,74,54,54|11|131|8|170,54|11|131|8|170,0.0010666666666666667,0.4447888888888889
4,14|40,74,51,51|105|146|47|25,51|105|146|47|25,0.0010666666666666667,0.4447888888888889
4,14|41,74,150,150|46|28|120|30,150|46|28|120|30,0.0010666666666666667,0.4447888888888889
7,14|42,46,83,83|115|21|73|11|2|36|33,83|115|21|73|11|2|36|33,0.0018666666666666666,0.44505555555555554
4,14|43,74,60,60|19|135|55|105,60|19|135|55|105,0.0010666666666666667,0.4447888888888889
4,15|16,74,100,100|1|47|194|32,100|1|47|194|32,0.0010666666666666667,0.4447888888888889
5,15|18,62,169,169|36|89|45|3|32,169|36|89|45|3|32,0.0013333333333333333,0.44487777777777776
4,15|19,74,209,209|50|17|66|32,209|50|17|66|32,0.0010666666666666667,0.4447888888888889
4,15|20,74,81,81|92|145|31|25,81|92|145|31|25,0.0010666666666666667,0.4447888888888889
3,15|21,93,209,209|103|55|7,209|103|55|7,0.0008,0.44469999999999993
1,15|22,187,330,330|44,330|44,0.0002666666666666667,0.4445222222222222
5,15|23,62,4,4,4|4|165|135|22|44,0.0013333333333333333,0.6671111111111111
6,15|24,53,92,92|56|21|105|34|14|52,92|56|21|105|34|14|52,0.0016,0.4449666666666667
6,15|25,53,173,173|32|103|4|6|31|25,173|32|103|4|6|31|25,0.0016,0.4449666666666667
6,15|26,53,147,147|1|45|119|27|28|7,147|1|45|119|27|28|7,0.0016,0.4449666666666667
3,15|27,93,201,201|58|17|98,201|58|17|98,0.0008,0.44469999999999993
6,15|28,53,91,83,91|101|9|83|83|7|0,0.0016,0.6671999999999999
3,15|29,93,92,92|9|217|56,92|9|217|56,0.0008,0.44469999999999993
2,15|30,124,8,8|268|98,8|268|98,0.0005333333333333334,0.44461111111111107
5,15|31,62,140,140|53|91|10|18|62,140|53|91|10|18|62,0.0013333333333333333,0.44487777777777776
4,15|32,74,8,8|73|67|136|90,8|73|67|136|90,0.0010666666666666667,0.4447888888888889
2,15|33,124,82,82|192|100,82|192|100,0.0005333333333333334,0.44461111111111107
1,15|34,187,169,169|205,169|205,0.0002666666666666667,0.4445222222222222
4,15|35,74,68,68|23|56|137|90,68|23|56|137|90,0.0010666666666666667,0.4447888888888889
3,15|36,93,22,22|345|7|0,22|345|7|0,0.0008,0.44469999999999993
3,15|37,93,342,342|6|26|0,342|6|26|0,0.0008,0.44469999999999993
5,15|38,62,100,100|40|1|51|138|44,100|40|1|51|138|44,0.0013333333333333333,0.44487777777777776
5,15|39,62,22,22|78|1|68|63|142,22|78|1|68|63|142,0.0013333333333333333,0.44487777777777776
3,15|40,93,68,68|206|75|25,68|206|75|25,0.0008,0.44469999999999993
3,15|41,93,81,81|120|173|0,81|120|173|0,0.0008,0.44469999999999993
6,15|42,53,82,82|110|9|8|50|89|26,82|110|9|8|50|89|26,0.0016,0.4449666666666667
2,15|43,124,318,318|21|35,318|21|35,0.0005333333333333334,0.44461111111111107
3,16|17,93,105,105|83|82|104,105|83|82|104,0.0008,0.44469999999999993
8,16|18,41,57,57,57|7|125|61|10|25|57|12|20,0.0021333333333333334,0.6673777777777778
6,16|19,53,109,109|80|69|73|4|7|32,109|80|69|73|4|7|32,0.0016,0.4449666666666667
5,16|20,62,109,109|48|83|11|7|116,109|48|83|11|7|116,0.0013333333333333333,0.44487777777777776
4,16|21,74,52,52|136|1|47|138,52|136|1|47|138,0.0010666666666666667,0.4447888888888889
1,16|22,187,188,188|186,188|186,0.0002666666666666667,0.4445222222222222
6,16|23,53,16,16|92|109|41|38|35|43,16|92|109|41|38|35|43,0.0016,0.4449666666666667
3,16|24,93,148,148|43|49|134,148|43|49|134,0.0008,0.44469999999999993
3,16|25,93,108,108|3|111|152,108|3|111|152,0.0008,0.44469999999999993
5,16|26,62,64,14,64|82|2|14|14|198,0.0013333333333333333,0.6671111111111111
2,16|27,124,52,52|218|104,52|218|104,0.0005333333333333334,0.44461111111111107
3,16|28,93,89,89|68|106|111,89|68|106|111,0.0008,0.44469999999999993
2,16|29,124,101,101|150|123,101|150|123,0.0005333333333333334,0.44461111111111107
6,16|30,53,25,25|6|115|61|33|10|124,25|6|115|61|33|10|124,0.0016,0.4449666666666667
2,16|31,124,105,105|86|183,105|86|183,0.0005333333333333334,0.44461111111111107
3,16|32,93,21,21|127|28|198,21|127|28|198,0.0008,0.44469999999999993
3,16|33,93,236,236|10|5|123,236|10|5|123,0.0008,0.44469999999999993
4,16|34,74,250,250|10|3|68|43,250|10|3|68|43,0.0010666666666666667,0.4447888888888889
4,16|35,74,31,31|259|45|19|20,31|259|45|19|20,0.0010666666666666667,0.4447888888888889
4,16|36,74,57,57|64|55|46|152,57|64|55|46|152,0.0010666666666666667,0.4447888888888889
8,16|37,41,64,64|25|20|48|65|41|22|57|32,64|25|20|48|65|41|22|57|32,0.0021333333333333334,0.4451444444444444
2,16|38,124,100,100|89|185,100|89|185,0.0005333333333333334,0.44461111111111107
2,16|39,124,100,100|1|273,100|1|273,0.0005333333333333334,0.44461111111111107
4,16|40,74,207,207|44|34|69|20,207|44|34|69|20,0.0010666666666666667,0.4447888888888889
3,16|41,93,47,47|64|224|39,47|64|224|39,0.0008,0.44469999999999993
2,16|42,124,64,64|25|285,64|25|285,0.0005333333333333334,0.44461111111111107
3,16|43,93,89,89|99|108|78,89|99|108|78,0.0008,0.44469999999999993
3,17|18,93,104,104|24|152|94,104|24|152|94,0.0008,0.44469999999999993
2,17|20,124,11,11|93|270,11|93|270,0.0005333333333333334,0.44461111111111107
3,17|21,93,85,85|103|27|159,85|103|27|159,0.0008,0.44469999999999993
1,17|22,187,188,188|186,188|186,0.0002666666666666667,0.4445222222222222
6,17|23,53,96,96|58|107|36|9|40|28,96|58|107|36|9|40|28,0.0016,0.4449666666666667
3,17|24,93,166,166|6|160|42,166|6|160|42,0.0008,0.44469999999999993
3,17|25,93,159,159|56|91|68,159|56|91|68,0.0008,0.44469999999999993
4,17|26,74,11,11|24|243|45|51,11|24|243|45|51,0.0010666666666666667,0.4447888888888889
8,17|27,41,35,35|59|10|129|37|12|15|26|51,35|59|10|129|37|12|15|26|51,0.0021333333333333334,0.4451444444444444
5,17|28,62,24,24|43|211|4|41|51,24|43|211|4|41|51,0.0013333333333333333,0.44487777777777776
5,17|29,62,104,104|62|112|28|51|17,104|62|112|28|51|17,0.0013333333333333333,0.44487777777777776
1,17|30,187,280,280|94,280|94,0.0002666666666666667,0.4445222222222222
5,17|31,62,35,35|32|38|142|59|68,35|32|38|142|59|68,0.0013333333333333333,0.44487777777777776
4,17|32,74,85,85|69|93|50|77,85|69|93|50|77,0.0010666666666666667,0.4447888888888889
2,17|33,124,128,128|152|94,128|152|94,0.0005333333333333334,0.44461111111111107
3,17|35,93,11,11|13|106|244,11|13|106|244,0.0008,0.44469999999999993
2,17|36,124,85,85|118|171,85|118|171,0.0005333333333333334,0.44461111111111107
6,17|37,53,85,85|11|107|30|84|15|42,85|11|107|30|84|15|42,0.0016,0.4449666666666667
2,17|38,124,24,24|209|141,24|209|141,0.0005333333333333334,0.44461111111111107
3,17|39,93,159,159|13|89|113,159|13|89|113,0.0008,0.44469999999999993
6,17|40,53,11,11|56|148|18|62|28|51,11|56|148|18|62|28|51,0.0016,0.4449666666666667
2,17|41,124,128,128|119|127,128|119|127,0.0005333333333333334,0.44461111111111107
6,17|42,53,94,94|34|31|119|4|50|42,94|34|31|119|4|50|42,0.0016,0.4449666666666667
5,17|43,62,77,77|89|6|16|15|171,77|89|6|16|15|171,0.0013333333333333333,0.44487777777777776
6,18|19,53,84,84|54|51|34|45|74|32,84|54|51|34|45|74|32,0.0016,0.4449666666666667
3,18|20,93,104,104|70|105|95,104|70|105|95,0.0008,0.44469999999999993
5,18|21,62,34,34|68|72|15|67|118,34|68|72|15|67|118,0.0013333333333333333,0.44487777777777776
3,18|22,93,79,79|237|39|19,79|237|39|19,0.0008,0.44469999999999993
4,18|23,74,36,36|87|4|188|59,36|87|4|188|59,0.0010666666666666667,0.4447888888888889
4,18|24,74,34,34|7|128|108|97,34|7|128|108|97,0.0010666666666666667,0.4447888888888889
4,18|25,74,61,61|144|18|30|121,61|144|18|30|121,0.0010666666666666667,0.4447888888888889
2,18|26,124,64,64|275|35,64|275|35,0.0005333333333333334,0.44461111111111107
3,18|27,93,104,104|3|217|50,104|3|217|50,0.0008,0.44469999999999993
2,18|28,124,41,41|82|251,41|82|251,0.0005333333333333334,0.44461111111111107
4,18|29,74,61,61|43|25|13|232,61|43|25|13|232,0.0010666666666666667,0.4447888888888889
3,18|30,93,250,250|30|36|58,250|30|36|58,0.0008,0.44469999999999993
2,18|31,124,36,36|258|80,36|258|80,0.0005333333333333334,0.44461111111111107
3,18|32,93,289,289|26|40|19,289|26|40|19,0.0008,0.44469999999999993
5,18|33,62,123,123|5|10|141|1|94,123|5|10|141|1|94,0.0013333333333333333,0.44487777777777776
7,18|34,46,10,10,10|74|85|60|21|10|27|87,0.0018666666666666666,0.6672888888888888
5,18|35,62,123,123|6|45|5|175|20,123|6|45|5|175|20,0.0013333333333333333,0.44487777777777776
6,18|36,53,36,36,36|5|16|45|166|70|36,0.0016,0.6671999999999999
9,18|37,37,64,13,64|65|13|135|8|2|26|29|13|19,0.0024,0.6674666666666668
4,18|38,74,26,26|163|100|35|50,26|163|100|35|50,0.0010666666666666667,0.4447888888888889
6,18|39,53,142,142|27|12|106|29|39|19,142|27|12|106|29|39|19,0.0016,0.4449666666666667
7,18|40,46,10,30,10|31|43|201|30|9|30|20,0.0018666666666666666,0.6672888888888888
6,18|41,53,26,26,26|102|95|64|26|11|50,0.0016,0.6671999999999999
4,18|42,74,64,64,64|64|101|27|118,0.0010666666666666667,0.6670222222222222
9,18|43,37,10,24,10|24|45|48|47|55|24|15|71|35,0.0024,0.6674666666666668
10,19|20,34,12,1,12|5|1|15|45|31|4|1|104|40|116,0.0026666666666666666,0.6675555555555556
5,19|21,62,6,6|27|156|20|143|22,6|27|156|20|143|22,0.0013333333333333333,0.44487777777777776
6,19|22,53,29,29|68|85|12|132|43|5,29|68|85|12|132|43|5,0.0016,0.4449666666666667
5,19|23,62,118,118|7|105|28|73|43,118|7|105|28|73|43,0.0013333333333333333,0.44487777777777776
2,19|24,124,0,0|78|296,0|78|296,0.0005333333333333334,0.2212777777777778
9,19|25,37,6,6,6|23|44|24|28|59|6|33|149|2,0.0024,0.6674666666666668
2,19|26,124,118,118|103|153,118|103|153,0.0005333333333333334,0.44461111111111107
6,19|27,53,7,17,7|156|96|17|17|75|6,0.0016,0.6671999999999999
8,19|28,41,18,10,18|15|10|141|10|99|75|4|2,0.0021333333333333334,0.6673777777777778
3,19|29,93,103,103|10|213|48,103|10|213|48,0.0008,0.44469999999999993
2,19|30,124,118,118|158|98,118|158|98,0.0005333333333333334,0.44461111111111107
3,19|31,93,7,7|117|60|190,7|117|60|190,0.0008,0.44469999999999993
1,19|32,187,194,194|180,194|180,0.0002666666666666667,0.4445222222222222
3,19|33,93,12,12|126|83|153,12|126|83|153,0.0008,0.44469999999999993
5,19|34,62,78,78|6|134|3|110|43,78|6|134|3|110|43,0.0013333333333333333,0.44487777777777776
3,19|35,93,114,114|221|34|5,114|221|34|5,0.0008,0.44469999999999993
7,19|36,46,7,7|10|56|30|15|150|104|2,7|10|56|30|15|150|104|2,0.0018666666666666666,0.44505555555555554
8,19|37,41,0,12,0|12|5|12|80|15|218|26|6,0.0021333333333333334,0.44404444444444446
7,19|38,46,73,73|24|92|29|12|96|43|5,73|24|92|29|12|96|43|5,0.0018666666666666666,0.44505555555555554
4,19|39,74,124,124|72|22|108|48,124|72|22|108|48,0.0010666666666666667,0.4447888888888889
4,19|40,74,18,18|66|19|81|190,18|66|19|81|190,0.0010666666666666667,0.4447888888888889
5,19|41,62,125,125|71|27|70|42|39,125|71|27|70|42|39,0.0013333333333333333,0.44487777777777776
5,19|42,62,0,0|18|191|12|38|115,0|18|191|12|38|115,0.0013333333333333333,0.22154444444444443
3,19|43,93,78,78|35|155|106,78|35|155|106,0.0008,0.44469999999999993
6,20|21,53,27,27|6|39|102|37|13|150,27|6|39|102|37|13|150,0.0016,0.4449666666666667
3,20|22,93,254,254|51|48|21,254|51|48|21,0.0008,0.44469999999999993
4,20|23,74,173,173|38|15|32|116,173|38|15|32|116,0.0010666666666666667,0.4447888888888889
5,20|24,62,78,78|126|36|14|104|16,78|126|36|14|104|16,0.0013333333333333333,0.44487777777777776
9,20|25,37,137,21|31,137|21|15|31|51|26|37|31|4|21,0.0024,0.4452333333333333
2,20|26,124,11,11|349|14,11|349|14,0.0005333333333333334,0.44461111111111107
4,20|27,74,104,104|91|60|26|93,104|91|60|26|93,0.0010666666666666667,0.4447888888888889
5,20|28,62,18,18|15|104|20|163|54,18|15|104|20|163|54,0.0013333333333333333,0.44487777777777776
6,20|29,53,104,104|9|57|81|67|42|14,104|9|57|81|67|42|14,0.0016,0.4449666666666667
5,20|30,62,119,119|7|11|58|45|134,119|7|11|58|45|134,0.0013333333333333333,0.44487777777777776
2,20|31,124,334,334|24|16,334|24|16,0.0005333333333333334,0.44461111111111107
6,20|32,53,81,81|68|21|41|2|143|18,81|68|21|41|2|143|18,0.0016,0.4449666666666667
7,20|33,46,12,12|137|67|35|28|79|3|13,12|137|67|35|28|79|3|13,0.0018666666666666666,0.44505555555555554
7,20|34,46,27,48,27|51|48|44|48|31|112|13,0.0018666666666666666,0.6672888888888888
6,20|35,53,11,11|59|44|60|52|94|54,11|59|44|60|52|94|54,0.0016,0.4449666666666667
9,20|36,37,17,10,17|10|186|3|10|28|19|91|6|4,0.0024,0.6674666666666668
8,20|37,41,12,12,12|5|92|48|1|12|79|104|21,0.0021333333333333334,0.6673777777777778
3,20|38,93,72,72|123|23|156,72|123|23|156,0.0008,0.44469999999999993
5,20|39,62,119,119|85|14|19|133|4,119|85|14|19|133|4,0.0013333333333333333,0.44487777777777776
10,20|40,34,11,11,11|7|54|141|38|69|29|11|1|3|10,0.0026666666666666666,0.6675555555555556
5,20|41,62,81,81|135|8|2|11|137,81|135|8|2|11|137,0.0013333333333333333,0.44487777777777776
3,20|42,93,18,18|255|32|69,18|255|32|69,0.0008,0.44469999999999993
10,20|43,34,70,8,70|8|35|61|99|8|37|16|19|17|4,0.0026666666666666666,0.6675555555555556
2,21|22,124,9,9|179|186,9|179|186,0.0005333333333333334,0.44461111111111107
3,21|23,93,122,122|89|114|49,122|89|114|49,0.0008,0.44469999999999993
1,21|24,187,34,34|340,34|340,0.0002666666666666667,0.4445222222222222
3,21|25,93,6,6|209|97|62,6|209|97|62,0.0008,0.44469999999999993
3,21|26,93,122,122|190|55|7,122|190|55|7,0.0008,0.44469999999999993
4,21|27,74,20,20|32|168|90|64,20|32|168|90|64,0.0010666666666666667,0.4447888888888889
5,21|28,62,5,5,5|23|5|277|57|7,0.0013333333333333333,0.6671111111111111
3,21|30,93,9,9|86|66|213,9|86|66|213,0.0008,0.44469999999999993
2,21|31,124,312,312|9|53,312|9|53,0.0005333333333333334,0.44461111111111107
4,21|32,74,85,85|126|34|76|53,85|126|34|76|53,0.0010666666666666667,0.4447888888888889
3,21|33,93,98,98|138|9|129,98|138|9|129,0.0008,0.44469999999999993
4,21|34,74,9,9|18|117|101|129,9|18|117|101|129,0.0010666666666666667,0.4447888888888889
5,21|35,62,28,49,28|67|49|30|151|49,0.0013333333333333333,0.6671111111111111
6,21|36,53,20,7,20|7|58|10|7|265|7,0.0016,0.6671999999999999
3,21|37,93,85,85|37|123|129,85|37|123|129,0.0008,0.44469999999999993
3,21|38,93,72,72|117|139|46,72|117|139|46,0.0008,0.44469999999999993
2,21|39,124,98,98|223|53,98|223|53,0.0005333333333333334,0.44461111111111107
3,21|40,93,20,20|52|143|159,20|52|143|159,0.0008,0.44469999999999993
3,21|41,93,95,95|125|4|150,95|125|4|150,0.0008,0.44469999999999993
4,21|42,74,5,5|204|47|36|82,5|204|47|36|82,0.0010666666666666667,0.4447888888888889
7,21|43,46,34,34|64|24|39|13|14|32|154,34|64|24|39|13|14|32|154,0.0018666666666666666,0.44505555555555554
1,22|23,187,330,330|44,330|44,0.0002666666666666667,0.4445222222222222
3,22|24,93,45,45|209|65|55,45|209|65|55,0.0008,0.44469999999999993
6,22|25,53,29,29|11|57|36|47|173|21,29|11|57|36|47|173|21,0.0016,0.4449666666666667
5,22|26,62,15,15|25|8|183|3|140,15|25|8|183|3|140,0.0013333333333333333,0.44487777777777776
2,22|27,124,23,23|22|329,23|22|329,0.0005333333333333334,0.44461111111111107
4,22|28,74,180,180|14|44|81|55,180|14|44|81|55,0.0010666666666666667,0.4447888888888889
7,22|29,46,15,15|140|76|3|80|12|39|9,15|140|76|3|80|12|39|9,0.0018666666666666666,0.44505555555555554
5,22|30,62,9,9|5|1|71|230|58,9|5|1|71|230|58,0.0013333333333333333,0.44487777777777776
2,22|31,124,86,86|259|29,86|259|29,0.0005333333333333334,0.44461111111111107
5,22|32,62,14,10,14|180|151|10|10|9,0.0013333333333333333,0.6671111111111111
1,22|33,187,175,175|199,175|199,0.0002666666666666667,0.4445222222222222
5,22|34,62,9,9|40|37|122|111|55,9|40|37|122|111|55,0.0013333333333333333,0.44487777777777776
2,22|35,124,248,248|121|5,248|121|5,0.0005333333333333334,0.44461111111111107
6,22|36,53,49,49|84|42|56|3|20|120,49|84|42|56|3|20|120,0.0016,0.4449666666666667
9,22|37,37,29,29|16|4|84|20|85|107|8|2|19,29|16|4|84|20|85|107|8|2|19,0.0024,0.4452333333333333
4,22|38,74,97,97|229|4|39|5,97|229|4|39|5,0.0010666666666666667,0.4447888888888889
6,22|39,53,15,15|50|249|2|10|29|19,15|50|249|2|10|29|19,0.0016,0.4449666666666667
4,22|40,74,14,9,14|9|148|9|194,0.0010666666666666667,0.6670222222222222
5,22|41,62,23,23|148|4|73|117|9,23|148|4|73|117|9,0.0013333333333333333,0.44487777777777776
5,22|42,62,14,14,14|34|107|150|14|55,0.0013333333333333333,0.6671111111111111
5,22|43,62,49,49|30|109|20|145|21,49|30|109|20|145|21,0.0013333333333333333,0.44487777777777776
4,23|24,74,212,212|71|25|42|24,212|71|25|42|24,0.0010666666666666667,0.4447888888888889
7,23|25,46,108,108|17|48|33|82|18|2|66,108|17|48|33|82|18|2|66,0.0018666666666666666,0.44505555555555554
4,23|26,74,76,76|42|4|166|86,76|42|4|166|86,0.0010666666666666667,0.4447888888888889
2,23|27,124,291,291|6|77,291|6|77,0.0005333333333333334,0.44461111111111107
3,23|28,93,1,1|122|186|65,1|122|186|65,0.0008,0.44469999999999993
4,23|29,74,212,212|79|15|3|65,212|79|15|3|65,0.0010666666666666667,0.4447888888888889
4,23|30,74,8,8|98|12|233|23,8|98|12|233|23,0.0010666666666666667,0.4447888888888889
4,23|31,74,36,36|228|7|35|68,36|228|7|35|68,0.0010666666666666667,0.4447888888888889
8,23|32,41,8,8|68|78|57|72|14|12|6|59,8|68|78|57|72|14|12|6|59,0.0021333333333333334,0.4451444444444444
6,23|33,53,59,59|64|165|19|29|15|23,59|64|165|19|29|15|23,0.0016,0.4449666666666667
4,23|34,74,264,264|27|40|19|24,264|27|40|19|24,0.0010666666666666667,0.4447888888888889
7,23|35,46,1,1|105|17|103|36|9|54|49,1|105|17|103|36|9|54|49,0.0018666666666666666,0.44505555555555554
7,23|36,46,36,23,36|23|59|108|57|24|44|23,0.0018666666666666666,0.6672888888888888
2,23|37,124,96,96|26|252,96|26|252,0.0005333333333333334,0.44461111111111107
5,23|38,62,76,76|111|19|24|100|44,76|111|19|24|100|44,0.0013333333333333333,0.44487777777777776
3,23|39,93,261,261|1|88|24,261|1|88|24,0.0008,0.44469999999999993
3,23|40,93,51,51|220|44|59,51|220|44|59,0.0008,0.44469999999999993
3,23|41,93,125,125|101|107|41,125|101|107|41,0.0008,0.44469999999999993
1,23|42,187,307,307|67,307|67,0.0002666666666666667,0.4445222222222222
6,23|43,53,122,122|5|60|25|84|37|41,122|5|60|25|84|37|41,0.0016,0.4449666666666667
4,24|25,74,3,3|136|65|104|66,3|136|65|104|66,0.0010666666666666667,0.4447888888888889
4,24|26,74,93,93|46|9|79|147,93|46|9|79|147,0.0010666666666666667,0.4447888888888889
4,24|27,74,3,3|36|6|24|305,3|36|6|24|305,0.0010666666666666667,0.4447888888888889
4,24|28,74,41,41|71|207|18|37,41|71|207|18|37,0.0010666666666666667,0.4447888888888889
5,24|29,62,42,42|50|74|12|34|162,42|50|74|12|34|162,0.0013333333333333333,0.44487777777777776
3,24|30,93,42,42|24|174|134,42|24|174|134,0.0008,0.44469999999999993
4,24|31,74,191,191|107|29|31|16,191|107|29|31|16,0.0010666666666666667,0.4447888888888889
4,24|32,74,69,69|79|135|44|47,69|79|135|44|47,0.0010666666666666667,0.4447888888888889
4,24|33,74,227,227|47|53|31|16,227|47|53|31|16,0.0010666666666666667,0.4447888888888889
6,24|34,53,78,78|91|9|141|8|23|24,78|91|9|141|8|23|24,0.0016,0.4449666666666667
4,24|35,74,69,69|24|85|49|147,69|24|85|49|147,0.0010666666666666667,0.4447888888888889
5,24|36,62,41,41|52|161|29|54|37,41|52|161|29|54|37,0.0013333333333333333,0.44487777777777776
5,24|37,62,0,0|45|21|211|55|42,0|45|21|211|55|42,0.0013333333333333333,0.22154444444444443
2,24|38,124,42,42|24|308,42|24|308,0.0005333333333333334,0.44461111111111107
8,24|39,41,39,13,39|60|13|57|3|32|133|13|24,0.0021333333333333334,0.6673777777777778
5,24|40,62,3,3|38|25|112|96|100,3|38|25|112|96|100,0.0013333333333333333,0.44487777777777776
2,24|41,124,93,93|6|275,93|6|275,0.0005333333333333334,0.44461111111111107
3,24|42,93,0,0|319|13|42,0|319|13|42,0.0008,0.22136666666666668
6,24|43,53,34,34|44|88|6|40|86|76,34|44|88|6|40|86|76,0.0016,0.4449666666666667
6,25|26,53,40,40|4|95|58|91|24|62,40|4|95|58|91|24|62,0.0016,0.4449666666666667
5,25|27,62,3,3|84|45|123|26|93,3|84|45|123|26|93,0.0013333333333333333,0.44487777777777776
6,25|28,53,137,137|14|29|4|160|28|2,137|14|29|4|160|28|2,0.0016,0.4449666666666667
6,25|29,53,13,13|48|22|69|154|12|56,13|48|22|69|154|12|56,0.0016,0.4449666666666667
2,25|30,124,56,56|81|237,56|81|237,0.0005333333333333334,0.44461111111111107
7,25|31,46,37,37|147|18|104|6|51|10|1,37|147|18|104|6|51|10|1,0.0018666666666666666,0.44505555555555554
1,25|32,187,244,244|130,244|130,0.0002666666666666667,0.4445222222222222
6,25|33,53,88,88|114|42|8|36|85|1,88|114|42|8|36|85|1,0.0016,0.4449666666666667
1,25|35,187,152,152|222,152|222,0.0002666666666666667,0.4445222222222222
6,25|36,53,56,56|17|60|89|21|129|2,56|17|60|89|21|129|2,0.0016,0.4449666666666667
8,25|37,41,29,29|104|19|6|39|25|122|9|21,29|104|19|6|39|25|122|9|21,0.0021333333333333334,0.4451444444444444
3,25|38,93,73,73|24|109|168,73|24|109|168,0.0008,0.44469999999999993
3,25|39,93,159,159|45|48|122,159|45|48|122,0.0008,0.44469999999999993
6,25|40,53,3,3|148|29|4|31|134|25,3|148|29|4|31|134|25,0.0016,0.4449666666666667
7,25|41,46,56,56|55|14|7|91|21|100|30,56|55|14|7|91|21|100|30,0.0018666666666666666,0.44505555555555554
3,25|42,93,83,83|76|204|11,83|76|204|11,0.0008,0.44469999999999993
6,25|43,53,44,44|199|10|28|37|35|21,44|199|10|28|37|35|21,0.0016,0.4449666666666667
2,26|27,124,35,35|288|51,35|288|51,0.0005333333333333334,0.44461111111111107
3,26|28,93,278,278|45|44|7,278|45|44|7,0.0008,0.44469999999999993
5,26|29,62,15,15|216|3|44|82|14,15|216|3|44|82|14,0.0013333333333333333,0.44487777777777776
3,26|30,93,15,15|103|28|228,15|103|28|228,0.0008,0.44469999999999993
5,26|31,62,35,35|80|78|73|46|62,35|80|78|73|46|62,0.0013333333333333333,0.44487777777777776
4,26|32,74,62,62|14|72|28|198,62|14|72|28|198,0.0010666666666666667,0.4447888888888889
6,26|33,53,19,19|202|6|15|46|74|12,19|202|6|15|46|74|12,0.0016,0.4449666666666667
3,26|34,93,19,19|202|141|12,19|202|141|12,0.0008,0.44469999999999993
4,26|35,74,11,11|82|54|80|147,11|82|54|80|147,0.0010666666666666667,0.4447888888888889
6,26|36,53,93,93|25|58|55|3|133|7,93|25|58|55|3|133|7,0.0016,0.4449666666666667
3,26|37,93,64,64|58|75|177,64|58|75|177,0.0008,0.44469999999999993
2,26|38,124,76,76|286|12,76|286|12,0.0005333333333333334,0.44461111111111107
1,26|39,187,15,15|359,15|359,0.0002666666666666667,0.4445222222222222
4,26|40,74,11,11|231|81|37|14,11|231|81|37|14,0.0010666666666666667,0.4447888888888889
2,26|41,124,62,62|31|281,62|31|281,0.0005333333333333334,0.44461111111111107
5,26|42,62,48,48|16|157|57|25|71,48|16|157|57|25|71,0.0013333333333333333,0.44487777777777776
4,26|43,74,44,44|78|135|82|35,44|78|135|82|35,0.0010666666666666667,0.4447888888888889
6,27|28,53,201,201|81|11|17|13|45|6,201|81|11|17|13|45|6,0.0016,0.4449666666666667
3,27|29,93,104,104|16|171|83,104|16|171|83,0.0008,0.44469999999999993
3,27|30,93,32,32|163|81|98,32|163|81|98,0.0008,0.44469999999999993
4,27|31,74,7,7|25|3|312|27,7|25|3|312|27,0.0010666666666666667,0.4447888888888889
3,27|32,93,69,69|66|162|77,69|66|162|77,0.0008,0.44469999999999993
4,27|34,74,168,168|101|22|56|27,168|101|22|56|27,0.0010666666666666667,0.4447888888888889
3,27|35,93,69,69|51|30|224,69|51|30|224,0.0008,0.44469999999999993
3,27|36,93,7,7|13|327|27,7|13|327|27,0.0008,0.44469999999999993
4,27|37,74,45,45|188|36|99|6,45|188|36|99|6,0.0010666666666666667,0.4447888888888889
3,27|38,93,195,195|38|91|50,195|38|91|50,0.0008,0.44469999999999993
2,27|39,124,39,39|121|214,39|121|214,0.0005333333333333334,0.44461111111111107
7,27|40,46,3,3,3|17|3|112|98|90|1|50,0.0018666666666666666,0.6672888888888888
8,27|41,41,23,23|109|18|10|41|19|73|31|50,23|109|18|10|41|19|73|31|50,0.0021333333333333334,0.4451444444444444
5,27|42,62,94,94|41|66|58|23|92,94|41|66|58|23|92,0.0013333333333333333,0.44487777777777776
3,27|43,93,220,220|49|12|93,220|49|12|93,0.0008,0.44469999999999993
3,28|29,93,131,131|147|31|65,131|147|31|65,0.0008,0.44469999999999993
2,28|30,124,137,137|135|102,137|135|102,0.0005333333333333334,0.44461111111111107
5,28|31,62,54,54|13|117|100|82|8,54|13|117|100|82|8,0.0013333333333333333,0.44487777777777776
4,28|32,74,46,46|148|90|25|65,46|148|90|25|65,0.0010666666666666667,0.4447888888888889
3,28|33,93,123,123|91|58|102,123|91|58|102,0.0008,0.44469999999999993
3,28|34,93,2,2|261|56|55,2|261|56|55,0.0008,0.44469999999999993
8,28|35,41,1,1|23|4|63|32|161|36|9|45,1|23|4|63|32|161|36|9|45,0.0021333333333333334,0.4451444444444444
5,28|36,62,41,41|296|30|5|2|0,41|296|30|5|2|0,0.0013333333333333333,0.44487777777777776
7,28|37,46,89,81,89|68|81|25|81|24|6|0,0.0018666666666666666,0.6672888888888888
2,28|38,124,24,24|168|182,24|168|182,0.0005333333333333334,0.44461111111111107
3,28|39,93,54,54|58|225|37,54|58|225|37,0.0008,0.44469999999999993
8,28|40,41,18,18|23|26|84|29|4|136|3|51,18|23|26|84|29|4|136|3|51,0.0021333333333333334,0.4451444444444444
7,28|41,46,55,55|146|92|36|15|22|8|0,55|146|92|36|15|22|8|0,0.0018666666666666666,0.44505555555555554
8,28|42,41,5,5|13|71|103|9|77|4|37|55,5|13|71|103|9|77|4|37|55,0.0021333333333333334,0.4451444444444444
2,28|43,124,89,89|125|160,89|125|160,0.0005333333333333334,0.44461111111111107
4,29|30,74,15,15|23|4|156|176,15|23|4|156|176,0.0010666666666666667,0.4447888888888889
2,29|31,124,304,304|2|68,304|2|68,0.0005333333333333334,0.44461111111111107
4,29|32,74,90,90|80|139|56|9,90|80|139|56|9,0.0010666666666666667,0.4447888888888889
3,29|33,93,53,53|37|161|123,53|37|161|123,0.0008,0.44469999999999993
5,29|34,62,53,53|81|36|8|113|83,53|81|36|8|113|83,0.0013333333333333333,0.44487777777777776
4,29|35,74,120,120|9|23|26|196,120|9|23|26|196,0.0010666666666666667,0.4447888888888889
3,29|36,93,103,103|128|3|140,103|128|3|140,0.0008,0.44469999999999993
4,29|37,74,129,129|13|10|18|204,129|13|10|18|204,0.0010666666666666667,0.4447888888888889
2,29|38,124,42,42|284|48,42|284|48,0.0005333333333333334,0.44461111111111107
6,29|39,53,15,48,15|38|48|41|172|12|48,0.0016,0.6671999999999999
5,29|40,62,38,38|65|75|73|109|14,38|65|75|73|109|14,0.0013333333333333333,0.44487777777777776
2,29|41,124,134,134|231|9,134|231|9,0.0005333333333333334,0.44461111111111107
7,29|42,46,38,21,38|45|51|21|43|80|21|75,0.0018666666666666666,0.6672888888888888
4,29|43,74,113,113|53|46|106|56,113|53|46|106|56,0.0010666666666666667,0.4447888888888889
2,30|31,124,32,32|54|288,32|54|288,0.0005333333333333334,0.44461111111111107
3,30|32,93,8,8|6|36|324,8|6|36|324,0.0008,0.44469999999999993
3,30|33,93,272,272|8|71|23,272|8|71|23,0.0008,0.44469999999999993
4,30|34,74,9,124,9|77|40|124|124,0.0010666666666666667,0.6670222222222222
4,30|35,74,31,31|64|11|196|72,31|64|11|196|72,0.0010666666666666667,0.4447888888888889
4,30|36,74,56,23,56|39|23|233|23,0.0010666666666666667,0.6670222222222222
3,30|37,93,66,66|120|116|72,66|120|116|72,0.0008,0.44469999999999993
4,30|38,74,42,42|8|16|129|179,42|8|16|129|179,0.0010666666666666667,0.4447888888888889
4,30|39,74,15,15|104|67|130|58,15|104|67|130|58,0.0010666666666666667,0.4447888888888889
5,30|40,62,14,14|24|28|141|95|72,14|24|28|141|95|72,0.0013333333333333333,0.44487777777777776
3,30|41,93,50,50|6|39|279,50|6|39|279,0.0008,0.44469999999999993
3,30|42,93,14,14|24|160|176,14|24|160|176,0.0008,0.44469999999999993
1,30|43,187,161,161|213,161|213,0.0002666666666666667,0.4445222222222222
5,31|32,62,247,37,247|37|37|6|18|29,0.0013333333333333333,0.6671111111111111
6,31|33,53,143,143|56|3|125|31|15|1,143|56|3|125|31|15|1,0.0016,0.4449666666666667
6,31|34,53,75,75|11|81|97|63|20|27,75|11|81|97|63|20|27,0.0016,0.4449666666666667
2,31|35,124,271,271|13|90,271|13|90,0.0005333333333333334,0.44461111111111107
3,31|36,93,7,7|29|311|27,7|29|311|27,0.0008,0.44469999999999993
2,31|37,124,124,124|221|29,124|221|29,0.0005333333333333334,0.44461111111111107
1,31|38,187,140,140|234,140|234,0.0002666666666666667,0.4445222222222222
3,31|39,93,54,54|70|197|53,54|70|197|53,0.0008,0.44469999999999993
3,31|40,93,67,67|117|87|103,67|117|87|103,0.0008,0.44469999999999993
3,31|41,93,199,199|48|119|8,199|48|119|8,0.0008,0.44469999999999993
1,31|42,187,363,363|11,363|11,0.0002666666666666667,0.4445222222222222
4,31|43,74,143,143|24|131|36|40,143|24|131|36|40,0.0010666666666666667,0.4447888888888889
5,32|33,62,90,90|59|95|1|82|47,90|59|95|1|82|47,0.0013333333333333333,0.44487777777777776
5,32|34,62,165,165|5|75|82|14|33,165|5|75|82|14|33,0.0013333333333333333,0.44487777777777776
2,32|35,124,69,69|215|90,69|215|90,0.0005333333333333334,0.44461111111111107
4,32|36,74,85,91,85|91|37|70|91,0.0010666666666666667,0.6670222222222222
6,32|37,53,85,85|79|6|75|100|10|19,85|79|6|75|100|10|19,0.0016,0.4449666666666667
4,32|38,74,50,50|26|134|79|85,50|26|134|79|85,0.0010666666666666667,0.4447888888888889
2,32|39,124,321,321|34|19,321|34|19,0.0005333333333333334,0.44461111111111107
6,32|40,53,14,30,14|121|30|18|30|102|59,0.0016,0.6671999999999999
6,32|41,53,50,50|12|19|163|3|118|9,50|12|19|163|3|118|9,0.0016,0.4449666666666667
4,32|42,74,14,14|121|48|158|33,14|121|48|158|33,0.0010666666666666667,0.4447888888888889
1,32|43,187,164,164|210,164|210,0.0002666666666666667,0.4445222222222222
9,33|34,37,19,34,19|34|168|18|6|56|26|34|1|12,0.0024,0.6674666666666668
2,33|35,124,123,123|104|147,123|104|147,0.0005333333333333334,0.44461111111111107
6,33|36,53,59,59|77|39|41|91|44|23,59|77|39|41|91|44|23,0.0016,0.4449666666666667
2,33|37,124,12,12|233|129,12|233|129,0.0005333333333333334,0.44461111111111107
2,33|38,124,136,136|226|12,136|226|12,0.0005333333333333334,0.44461111111111107
3,33|39,93,53,53|45|154|122,53|45|154|122,0.0008,0.44469999999999993
4,33|40,74,242,242|9|23|87|13,242|9|23|87|13,0.0010666666666666667,0.4447888888888889
7,33|41,46,128,128|47|24|17|23|5|57|73,128|47|24|17|23|5|57|73,0.0018666666666666666,0.44505555555555554
4,33|42,74,82,82|46|93|86|67,82|46|93|86|67,0.0010666666666666667,0.4447888888888889
4,33|43,74,98,98|45|71|25|135,98|45|71|25|135,0.0010666666666666667,0.4447888888888889
3,34|35,93,144,144|34|57|139,144|34|57|139,0.0008,0.44469999999999993
4,34|36,74,27,27,27|22|186|112|27,0.0010666666666666667,0.6670222222222222
7,34|37,46,49,49|121|75|4|14|6|18|87,49|121|75|4|14|6|18|87,0.0018666666666666666,0.44505555555555554
2,34|38,124,218,218|144|12,218|144|12,0.0005333333333333334,0.44461111111111107
5,34|39,62,53,53|116|49|69|63|24,53|116|49|69|63|24,0.0013333333333333333,0.44487777777777776
7,34|40,46,10,13,10|74|72|9|13|181|2|13,0.0018666666666666666,0.6672888888888888
4,34|41,74,134,134|105|48|14|73,134|105|48|14|73,0.0010666666666666667,0.4447888888888889
6,34|42,53,134,134|87|7|1|90|22|33,134|87|7|1|90|22|33,0.0016,0.4449666666666667
8,34|43,41,10,10,10|39|29|89|41|21|10|30|105,0.0021333333333333334,0.6673777777777778
4,35|36,74,93,93|2|131|9|139,93|2|131|9|139,0.0010666666666666667,0.4447888888888889
3,35|37,93,129,129|23|150|72,129|23|150|72,0.0008,0.44469999999999993
2,35|38,124,24,24|345|5,24|345|5,0.0005333333333333334,0.44461111111111107
1,35|39,187,262,262|112,262|112,0.0002666666666666667,0.4445222222222222
8,35|40,41,11,11|57|49|61|93|31|18|34|20,11|57|49|61|93|31|18|34|20,0.0021333333333333334,0.4451444444444444
7,35|41,46,93,93|2|55|76|22|81|6|39,93|2|55|76|22|81|6|39,0.0018666666666666666,0.44505555555555554
1,35|42,187,219,219|155,219|155,0.0002666666666666667,0.4445222222222222
3,35|43,93,60,60|10|104|200,60|10|104|200,0.0008,0.44469999999999993
7,36|37,46,17,17|32|36|48|70|19|152|0,17|32|36|48|70|19|152|0,0.0018666666666666666,0.44505555555555554
2,36|38,124,73,73|63|238,73|63|238,0.0005333333333333334,0.44461111111111107
3,36|39,93,22,22|315|33|4,22|315|33|4,0.0008,0.44469999999999993
5,36|40,62,20,20|21|62|110|151|10,20|21|62|110|151|10,0.0013333333333333333,0.44487777777777776
8,36|41,41,56,56|37|2|80|41|10|49|99|0,56|37|2|80|41|10|49|99|0,0.0021333333333333334,0.4451444444444444
2,36|42,124,273,273|34|67,273|34|67,0.0005333333333333334,0.44461111111111107
6,36|43,53,49,49|154|40|25|5|97|4,49|154|40|25|5|97|4,0.0016,0.4449666666666667
3,37|38,93,66,66|167|34|107,66|167|34|107,0.0008,0.44469999999999993
6,37|39,53,124,124|18|44|81|20|68|19,124|18|44|81|20|68|19,0.0016,0.4449666666666667
5,37|40,62,30,30|36|167|52|17|72,30|36|167|52|17|72,0.0013333333333333333,0.44487777777777776
6,37|41,53,30,30,30|237|20|26|31|30|0,0.0016,0.6671999999999999
5,37|42,62,0,0|64|25|243|16|26,0|64|25|243|16|26,0.0013333333333333333,0.22154444444444443
7,37|43,46,49,49|40|33|42|39|66|84|21,49|40|33|42|39|66|84|21,0.0018666666666666666,0.44505555555555554
4,38|39,74,100,100|118|49|59|48,100|118|49|59|48,0.0010666666666666667,0.4447888888888889
4,38|40,74,66,66|6|161|91|50,66|6|161|91|50,0.0010666666666666667,0.4447888888888889
4,38|41,74,26,26|24|217|57|50,26|24|217|57|50,0.0010666666666666667,0.4447888888888889
1,38|42,187,192,192|182,192|182,0.0002666666666666667,0.4445222222222222
1,38|43,187,187,187,187|187,0.0002666666666666667,0.6667555555555555
1,39|40,187,265,265|109,265|109,0.0002666666666666667,0.4445222222222222
7,39|41,46,99,99|61|36|4|37|30|20|87,99|61|36|4|37|30|20|87,0.0018666666666666666,0.44505555555555554
2,39|42,124,159,159|127|88,159|127|88,0.0005333333333333334,0.44461111111111107
4,39|43,74,98,98|74|93|105|4,98|74|93|105|4,0.0010666666666666667,0.4447888888888889
4,40|41,74,23,23|7|141|153|50,23|7|141|153|50,0.0010666666666666667,0.4447888888888889
5,40|42,62,14,14|4|20|97|48|191,14|4|20|97|48|191,0.0013333333333333333,0.44487777777777776
2,40|43,124,10,10|255|109,10|255|109,0.0005333333333333334,0.44461111111111107
3,41|42,93,128,128|6|67|173,128|6|67|173,0.0008,0.44469999999999993
3,41|43,93,220,220|19|94|41,220|19|94|41,0.0008,0.44469999999999993
3,42|43,93,89,89|140|44|101,89|140|44|101,0.0008,0.44469999999999993
