conteo,tupla,X,L,M,T
1,1|2|3|10,176.0,123,123|229,123|229
1,1|2|3|31,176.0,123,123|229,123|229
1,1|2|4|5,176.0,278,278|74,278|74
1,1|2|4|13,176.0,278,278|74,278|74
1,1|2|5|13,176.0,278,278|74,278|74
1,1|2|10|31,176.0,123,123|229,123|229
1,1|2|15|36,176.0,0,0|352,0|352
1,1|2|15|39,176.0,0,0|352,0|352
1,1|2|20|31,176.0,312,312|40,312|40
1,1|2|20|43,176.0,312,312|40,312|40
1,1|2|22|29,176.0,133,133|219,133|219
1,1|2|22|42,176.0,133,133|219,133|219
1,1|2|25|31,176.0,351,351|1,351|1
1,1|2|25|33,176.0,351,351|1,351|1
1,1|2|29|42,176.0,133,133|219,133|219
1,1|2|31|33,176.0,351,351|1,351|1
1,1|2|31|43,176.0,312,312|40,312|40
1,1|2|33|34,176.0,279,279|73,279|73
1,1|2|33|41,176.0,279,279|73,279|73
1,1|2|34|41,176.0,279,279|73,279|73
1,1|2|36|39,176.0,0,0|352,0|352
1,1|3|8|28,176.0,33,33|319,33|319
1,1|3|8|41,176.0,33,33|319,33|319
1,1|3|10|31,176.0,123,123|229,123|229
1,1|3|17|23,176.0,132,132|220,132|220
1,1|3|17|32,176.0,132,132|220,132|220
1,1|3|23|32,176.0,132,132|220,132|220
1,1|3|28|41,176.0,33,33|319,33|319
1,1|4|5|13,176.0,278,278|74,278|74
1,1|4|8|11,176.0,52,52|300,52|300
1,1|4|8|19,176.0,141,141|211,141|211
1,1|4|8|22,176.0,131,131|221,131|221
1,1|4|8|27,176.0,141,141|211,141|211
1,1|4|8|36,176.0,52,52|300,52|300
1,1|4|8|37,176.0,131,131|221,131|221
1,1|4|11|36,176.0,52,52|300,52|300
1,1|4|13|23,176.0,314,314|38,314|38
1,1|4|13|33,176.0,314,314|38,314|38
1,1|4|14|21,176.0,270,270|82,270|82
1,1|4|14|42,176.0,270,270|82,270|82
1,1|4|18|21,176.0,234,234|118,234|118
1,1|4|18|42,176.0,234,234|118,234|118
1,1|4|19|27,176.0,141,141|211,141|211
1,1|4|21|30,176.0,139,139|213,139|213
2,1|4|21|42,117.33333333333333,234,234|36|82,234|36|82
1,1|4|21|43,176.0,139,139|213,139|213
1,1|4|22|37,176.0,131,131|221,131|221
1,1|4|23|33,176.0,314,314|38,314|38
1,1|4|29|32,176.0,68,68|284,68|284
1,1|4|29|33,176.0,68,68|284,68|284
1,1|4|30|43,176.0,139,139|213,139|213
1,1|4|32|33,176.0,68,68|284,68|284
1,1|5|6|8,176.0,163,163|189,163|189
1,1|5|6|13,176.0,318,318|34,318|34
1,1|5|6|26,176.0,318,318|34,318|34
1,1|5|6|27,176.0,163,163|189,163|189
1,1|5|8|27,176.0,163,163|189,163|189
1,1|5|9|29,176.0,277,277|75,277|75
1,1|5|9|42,176.0,277,277|75,277|75
1,1|5|13|26,176.0,318,318|34,318|34
1,1|5|18|38,176.0,4,4|348,4|348
1,1|5|18|41,176.0,4,4|348,4|348
1,1|5|29|42,176.0,277,277|75,277|75
1,1|5|38|41,176.0,4,4|348,4|348
1,1|6|8|27,176.0,163,163|189,163|189
1,1|6|12|18,176.0,316,316|36,316|36
1,1|6|12|36,176.0,316,316|36,316|36
1,1|6|13|26,176.0,318,318|34,318|34
1,1|6|18|36,176.0,316,316|36,316|36
1,1|7|10|25,176.0,65,65|287,65|287
1,1|7|10|27,176.0,65,65|287,65|287
1,1|7|11|16,176.0,195,195|157,195|157
1,1|7|11|23,176.0,195,195|157,195|157
1,1|7|12|19,176.0,330,330|22,330|22
1,1|7|12|21,176.0,330,330|22,330|22
1,1|7|12|26,176.0,235,235|117,235|117
1,1|7|12|43,176.0,235,235|117,235|117
1,1|7|14|35,176.0,38,38|314,38|314
1,1|7|14|43,176.0,38,38|314,38|314
1,1|7|16|23,176.0,195,195|157,195|157
1,1|7|19|21,176.0,330,330|22,330|22
1,1|7|25|27,176.0,65,65|287,65|287
1,1|7|26|43,176.0,235,235|117,235|117
1,1|7|35|43,176.0,38,38|314,38|314
1,1|8|11|36,176.0,52,52|300,52|300
1,1|8|14|23,176.0,29,29|323,29|323
1,1|8|14|40,176.0,29,29|323,29|323
1,1|8|19|27,176.0,141,141|211,141|211
1,1|8|21|34,176.0,122,122|230,122|230
1,1|8|21|35,176.0,122,122|230,122|230
1,1|8|22|37,176.0,131,131|221,131|221
1,1|8|23|40,176.0,29,29|323,29|323
1,1|8|28|41,176.0,33,33|319,33|319
1,1|8|34|35,176.0,122,122|230,122|230
1,1|9|13|16,176.0,3,3|349,3|349
1,1|9|13|30,176.0,3,3|349,3|349
1,1|9|16|30,176.0,3,3|349,3|349
1,1|9|27|29,176.0,98,98|254,98|254
1,1|9|27|35,176.0,98,98|254,98|254
1,1|9|29|35,176.0,98,98|254,98|254
1,1|9|29|42,176.0,277,277|75,277|75
1,1|10|23|38,176.0,165,165|187,165|187
1,1|10|23|43,176.0,165,165|187,165|187
1,1|10|25|27,176.0,65,65|287,65|287
1,1|10|28|35,176.0,307,307|45,307|45
1,1|10|28|41,176.0,307,307|45,307|45
1,1|10|35|41,176.0,307,307|45,307|45
1,1|10|38|43,176.0,165,165|187,165|187
1,1|11|16|23,176.0,195,195|157,195|157
1,1|11|28|31,176.0,344,344|8,344|8
1,1|11|28|41,176.0,344,344|8,344|8
1,1|11|31|41,176.0,344,344|8,344|8
1,1|12|18|36,176.0,316,316|36,316|36
1,1|12|19|21,176.0,330,330|22,330|22
1,1|12|20|39,176.0,215,215|137,215|137
1,1|12|20|41,176.0,215,215|137,215|137
1,1|12|26|43,176.0,235,235|117,235|117
1,1|12|28|30,176.0,250,250|102,250|102
1,1|12|28|33,176.0,250,250|102,250|102
1,1|12|30|33,176.0,250,250|102,250|102
1,1|12|39|41,176.0,215,215|137,215|137
1,1|13|16|30,176.0,3,3|349,3|349
1,1|13|23|33,176.0,314,314|38,314|38
1,1|13|24|27,176.0,17,17|335,17|335
1,1|13|24|39,176.0,17,17|335,17|335
1,1|13|27|39,176.0,17,17|335,17|335
1,1|13|32|37,176.0,142,142|210,142|210
1,1|13|32|43,176.0,142,142|210,142|210
1,1|13|37|43,176.0,142,142|210,142|210
1,1|14|15|18,176.0,183,183|169,183|169
1,1|14|15|25,176.0,183,183|169,183|169
1,1|14|18|22,176.0,57,57|295,57|295
1,1|14|18|25,176.0,183,183|169,183|169
1,1|14|18|43,176.0,57,57|295,57|295
1,1|14|21|42,176.0,270,270|82,270|82
1,1|14|22|43,176.0,57,57|295,57|295
1,1|14|23|40,176.0,29,29|323,29|323
1,1|14|35|43,176.0,38,38|314,38|314
1,1|15|18|25,176.0,183,183|169,183|169
1,1|15|19|21,176.0,187,187|165,187|165
1,1|15|19|42,176.0,187,187|165,187|165
1,1|15|21|42,176.0,187,187|165,187|165
1,1|15|36|39,176.0,0,0|352,0|352
1,1|17|23|32,176.0,132,132|220,132|220
1,1|18|19|34,176.0,62,62|290,62|290
1,1|18|19|40,176.0,62,62|290,62|290
1,1|18|21|42,176.0,234,234|118,234|118
1,1|18|22|30,176.0,294,294|58,294|58
1,1|18|22|39,176.0,294,294|58,294|58
1,1|18|22|43,176.0,57,57|295,57|295
1,1|18|30|39,176.0,294,294|58,294|58
1,1|18|34|40,176.0,62,62|290,62|290
1,1|18|38|41,176.0,4,4|348,4|348
1,1|19|21|42,176.0,187,187|165,187|165
1,1|19|31|37,176.0,102,102|250,102|250
1,1|19|31|39,176.0,102,102|250,102|250
1,1|19|34|40,176.0,62,62|290,62|290
1,1|19|37|39,176.0,102,102|250,102|250
1,1|20|31|43,176.0,312,312|40,312|40
1,1|20|36|39,176.0,348,348|4,348|4
1,1|20|36|43,176.0,348,348|4,348|4
1,1|20|39|41,176.0,215,215|137,215|137
1,1|20|39|43,176.0,348,348|4,348|4
1,1|21|30|43,176.0,139,139|213,139|213
1,1|21|34|35,176.0,122,122|230,122|230
1,1|22|29|42,176.0,133,133|219,133|219
1,1|22|30|39,176.0,294,294|58,294|58
1,1|22|31|32,176.0,323,323|29,323|29
1,1|22|31|37,176.0,323,323|29,323|29
1,1|22|32|37,176.0,323,323|29,323|29
1,1|23|38|43,176.0,165,165|187,165|187
1,1|24|27|39,176.0,17,17|335,17|335
1,1|25|31|33,176.0,351,351|1,351|1
1,1|27|29|35,176.0,98,98|254,98|254
1,1|27|31|34,176.0,325,325|27,325|27
1,1|27|31|36,176.0,325,325|27,325|27
1,1|27|34|36,176.0,325,325|27,325|27
1,1|28|30|33,176.0,250,250|102,250|102
1,1|28|31|41,176.0,344,344|8,344|8
1,1|28|35|41,176.0,307,307|45,307|45
1,1|29|32|33,176.0,68,68|284,68|284
1,1|31|32|37,176.0,323,323|29,323|29
1,1|31|34|36,176.0,325,325|27,325|27
1,1|31|37|39,176.0,102,102|250,102|250
1,1|32|37|43,176.0,142,142|210,142|210
1,1|33|34|41,176.0,279,279|73,279|73
1,1|36|39|43,176.0,348,348|4,348|4
1,2|3|4|5,176.0,49,49|303,49|303
1,2|3|4|12,176.0,88,88|264,88|264
1,2|3|4|16,176.0,88,88|264,88|264
1,2|3|4|29,176.0,49,49|303,49|303
1,2|3|5|29,176.0,49,49|303,49|303
1,2|3|10|31,176.0,123,123|229,123|229
1,2|3|12|16,176.0,88,88|264,88|264
1,2|3|18|21,176.0,80,80|272,80|272
1,2|3|18|36,176.0,80,80|272,80|272
1,2|3|21|36,176.0,80,80|272,80|272
1,2|3|22|28,176.0,216,216|136,216|136
1,2|3|22|37,176.0,216,216|136,216|136
1,2|3|28|37,176.0,216,216|136,216|136
1,2|4|5|13,176.0,278,278|74,278|74
1,2|4|5|29,176.0,49,49|303,49|303
1,2|4|6|7,176.0,203,203|149,203|149
1,2|4|6|13,176.0,203,203|149,203|149
1,2|4|7|13,176.0,203,203|149,203|149
1,2|4|9|15,176.0,300,300|52,300|52
1,2|4|9|24,176.0,300,300|52,300|52
1,2|4|10|17,176.0,295,295|57,295|57
1,2|4|10|37,176.0,295,295|57,295|57
1,2|4|12|16,176.0,88,88|264,88|264
1,2|4|12|18,176.0,157,157|195,157|195
1,2|4|12|35,176.0,157,157|195,157|195
1,2|4|15|24,176.0,300,300|52,300|52
1,2|4|16|30,176.0,185,185|167,185|167
1,2|4|16|40,176.0,185,185|167,185|167
1,2|4|17|37,176.0,295,295|57,295|57
1,2|4|18|35,176.0,157,157|195,157|195
1,2|4|30|40,176.0,185,185|167,185|167
1,2|5|7|9,176.0,289,289|63,289|63
1,2|5|7|28,176.0,289,289|63,289|63
1,2|5|9|11,176.0,219,219|133,219|133
1,2|5|9|28,176.0,289,289|63,289|63
1,2|5|9|34,176.0,206,206|146,206|146
2,2|5|9|42,117.33333333333333,206,206|13|133,206|13|133
1,2|5|11|42,176.0,219,219|133,219|133
1,2|5|34|42,176.0,206,206|146,206|146
1,2|6|7|13,176.0,203,203|149,203|149
1,2|6|16|23,176.0,274,274|78,274|78
1,2|6|16|43,176.0,274,274|78,274|78
1,2|6|23|43,176.0,274,274|78,274|78
1,2|7|9|12,176.0,36,36|316,36|316
1,2|7|9|28,176.0,289,289|63,289|63
1,2|7|9|34,176.0,36,36|316,36|316
1,2|7|12|34,176.0,36,36|316,36|316
1,2|7|14|25,176.0,15,15|337,15|337
1,2|7|14|31,176.0,15,15|337,15|337
1,2|7|25|31,176.0,15,15|337,15|337
1,2|8|9|12,176.0,94,94|258,94|258
1,2|8|9|25,176.0,66,66|286,66|286
1,2|8|9|33,176.0,66,66|286,66|286
1,2|8|9|39,176.0,94,94|258,94|258
1,2|8|12|39,176.0,94,94|258,94|258
1,2|8|14|19,176.0,21,21|331,21|331
1,2|8|14|28,176.0,21,21|331,21|331
1,2|8|19|28,176.0,21,21|331,21|331
1,2|8|20|25,176.0,233,233|119,233|119
1,2|8|20|27,176.0,233,233|119,233|119
1,2|8|25|27,176.0,233,233|119,233|119
1,2|8|25|33,176.0,66,66|286,66|286
1,2|9|11|42,176.0,219,219|133,219|133
2,2|9|12|34,117.33333333333333,36,36|301|15,36|301|15
1,2|9|12|39,176.0,94,94|258,94|258
1,2|9|12|40,176.0,337,337|15,337|15
1,2|9|15|24,176.0,300,300|52,300|52
1,2|9|17|27,176.0,72,72|280,72|280
1,2|9|17|42,176.0,72,72|280,72|280
1,2|9|25|33,176.0,66,66|286,66|286
1,2|9|27|42,176.0,72,72|280,72|280
1,2|9|34|40,176.0,337,337|15,337|15
1,2|9|34|42,176.0,206,206|146,206|146
1,2|10|14|34,176.0,134,134|218,134|218
1,2|10|14|40,176.0,134,134|218,134|218
1,2|10|16|23,176.0,86,86|266,86|266
1,2|10|16|25,176.0,86,86|266,86|266
1,2|10|17|37,176.0,295,295|57,295|57
1,2|10|21|23,176.0,303,303|49,303|49
1,2|10|21|35,176.0,303,303|49,303|49
1,2|10|23|25,176.0,86,86|266,86|266
1,2|10|23|35,176.0,303,303|49,303|49
1,2|10|27|30,176.0,10,10|342,10|342
1,2|10|27|31,176.0,10,10|342,10|342
1,2|10|30|31,176.0,10,10|342,10|342
1,2|10|34|40,176.0,134,134|218,134|218
1,2|11|18|23,176.0,105,105|247,105|247
1,2|11|18|43,176.0,105,105|247,105|247
1,2|11|23|43,176.0,105,105|247,105|247
1,2|11|24|28,176.0,90,90|262,90|262
1,2|11|24|39,176.0,90,90|262,90|262
1,2|11|26|32,176.0,40,40|312,40|312
1,2|11|26|33,176.0,220,220|132,220|132
1,2|11|26|40,176.0,220,220|132,220|132
1,2|11|26|41,176.0,40,40|312,40|312
1,2|11|28|39,176.0,90,90|262,90|262
1,2|11|32|41,176.0,40,40|312,40|312
1,2|11|33|36,176.0,114,114|238,114|238
1,2|11|33|38,176.0,114,114|238,114|238
1,2|11|33|40,176.0,220,220|132,220|132
1,2|11|36|38,176.0,114,114|238,114|238
1,2|12|16|26,176.0,124,124|228,124|228
1,2|12|16|30,176.0,124,124|228,124|228
1,2|12|18|35,176.0,157,157|195,157|195
1,2|12|26|30,176.0,124,124|228,124|228
1,2|12|34|40,176.0,337,337|15,337|15
1,2|13|14|26,176.0,281,281|71,281|71
1,2|13|14|42,176.0,281,281|71,281|71
1,2|13|25|36,176.0,221,221|131,221|131
1,2|13|25|43,176.0,221,221|131,221|131
1,2|13|26|42,176.0,281,281|71,281|71
1,2|13|36|43,176.0,221,221|131,221|131
1,2|14|16|17,176.0,83,83|269,83|269
1,2|14|16|31,176.0,83,83|269,83|269
1,2|14|17|31,176.0,83,83|269,83|269
1,2|14|19|28,176.0,21,21|331,21|331
1,2|14|21|27,176.0,288,288|64,288|64
1,2|14|21|28,176.0,288,288|64,288|64
1,2|14|25|31,176.0,15,15|337,15|337
1,2|14|26|42,176.0,281,281|71,281|71
1,2|14|27|28,176.0,288,288|64,288|64
1,2|14|34|40,176.0,134,134|218,134|218
1,2|15|36|39,176.0,0,0|352,0|352
1,2|16|17|31,176.0,83,83|269,83|269
1,2|16|23|25,176.0,86,86|266,86|266
1,2|16|23|43,176.0,274,274|78,274|78
1,2|16|26|30,176.0,124,124|228,124|228
1,2|16|30|40,176.0,185,185|167,185|167
1,2|17|27|42,176.0,72,72|280,72|280
1,2|18|21|36,176.0,80,80|272,80|272
1,2|18|23|43,176.0,105,105|247,105|247
1,2|18|29|37,176.0,120,120|232,120|232
1,2|18|29|39,176.0,120,120|232,120|232
1,2|18|37|39,176.0,120,120|232,120|232
1,2|19|22|25,176.0,7,7|345,7|345
1,2|19|22|28,176.0,172,172|180,172|180
1,2|19|22|32,176.0,172,172|180,172|180
1,2|19|22|37,176.0,7,7|345,7|345
1,2|19|25|37,176.0,7,7|345,7|345
1,2|19|28|32,176.0,172,172|180,172|180
1,2|20|25|27,176.0,233,233|119,233|119
1,2|20|31|43,176.0,312,312|40,312|40
1,2|21|23|35,176.0,303,303|49,303|49
1,2|21|27|28,176.0,288,288|64,288|64
1,2|22|24|27,176.0,23,23|329,23|329
1,2|22|24|37,176.0,23,23|329,23|329
1,2|22|25|37,176.0,7,7|345,7|345
1,2|22|27|37,176.0,23,23|329,23|329
1,2|22|28|32,176.0,172,172|180,172|180
1,2|22|28|37,176.0,216,216|136,216|136
1,2|22|29|42,176.0,133,133|219,133|219
1,2|24|27|37,176.0,23,23|329,23|329
1,2|24|28|39,176.0,90,90|262,90|262
1,2|25|31|33,176.0,351,351|1,351|1
1,2|25|36|43,176.0,221,221|131,221|131
1,2|26|32|41,176.0,40,40|312,40|312
1,2|26|33|40,176.0,220,220|132,220|132
1,2|27|30|31,176.0,10,10|342,10|342
1,2|29|37|39,176.0,120,120|232,120|232
1,2|33|34|41,176.0,279,279|73,279|73
1,2|33|36|38,176.0,114,114|238,114|238
1,3|4|5|29,176.0,49,49|303,49|303
1,3|4|9|20,176.0,334,334|18,334|18
1,3|4|9|32,176.0,334,334|18,334|18
1,3|4|12|16,176.0,88,88|264,88|264
1,3|4|20|25,176.0,136,136|216,136|216
1,3|4|20|32,176.0,334,334|18,334|18
1,3|4|20|37,176.0,136,136|216,136|216
1,3|4|22|40,176.0,149,149|203,149|203
1,3|4|22|41,176.0,149,149|203,149|203
1,3|4|25|37,176.0,136,136|216,136|216
1,3|4|31|34,176.0,145,145|207,145|207
1,3|4|31|43,176.0,145,145|207,145|207
1,3|4|34|43,176.0,145,145|207,145|207
1,3|4|40|41,176.0,149,149|203,149|203
1,3|5|30|37,176.0,164,164|188,164|188
1,3|5|30|39,176.0,164,164|188,164|188
1,3|5|37|39,176.0,164,164|188,164|188
1,3|6|23|25,176.0,184,184|168,184|168
1,3|6|23|38,176.0,184,184|168,184|168
1,3|6|25|38,176.0,184,184|168,184|168
1,3|7|11|19,176.0,168,168|184,168|184
1,3|7|11|25,176.0,168,168|184,168|184
1,3|7|11|39,176.0,178,178|174,178|174
1,3|7|11|41,176.0,178,178|174,178|174
1,3|7|12|12,176.0,41,41|311,41|311
2,3|7|12|40,176.0,41,41|311,41|311
1,3|7|14|19,176.0,160,160|192,160|192
1,3|7|14|22,176.0,160,160|192,160|192
1,3|7|19|22,176.0,160,160|192,160|192
1,3|7|19|25,176.0,168,168|184,168|184
1,3|7|23|30,176.0,84,84|268,84|268
1,3|7|23|35,176.0,84,84|268,84|268
1,3|7|30|35,176.0,84,84|268,84|268
1,3|7|39|41,176.0,178,178|174,178|174
1,3|8|10|15,176.0,210,210|142,210|142
1,3|8|10|39,176.0,210,210|142,210|142
1,3|8|15|39,176.0,210,210|142,210|142
1,3|8|25|28,176.0,129,129|223,129|223
1,3|8|25|40,176.0,129,129|223,129|223
1,3|8|28|40,176.0,129,129|223,129|223
1,3|8|28|41,176.0,33,33|319,33|319
1,3|9|20|32,176.0,334,334|18,334|18
1,3|10|13|21,176.0,306,306|46,306|46
1,3|10|13|38,176.0,306,306|46,306|46
1,3|10|15|39,176.0,210,210|142,210|142
1,3|10|16|25,176.0,89,89|263,89|263
1,3|10|16|41,176.0,89,89|263,89|263
1,3|10|20|30,176.0,97,97|255,97|255
1,3|10|20|39,176.0,97,97|255,97|255
1,3|10|21|38,176.0,306,306|46,306|46
1,3|10|25|41,176.0,89,89|263,89|263
1,3|10|30|39,176.0,97,97|255,97|255
1,3|10|32|40,176.0,161,161|191,161|191
1,3|10|32|42,176.0,161,161|191,161|191
1,3|10|40|42,176.0,161,161|191,161|191
1,3|11|18|24,176.0,255,255|97,255|97
1,3|11|18|37,176.0,255,255|97,255|97
1,3|11|19|25,176.0,168,168|184,168|184
1,3|11|24|37,176.0,255,255|97,255|97
1,3|11|27|39,176.0,138,138|214,138|214
1,3|11|27|41,176.0,138,138|214,138|214
2,3|11|39|41,117.33333333333333,138,138|40|174,138|40|174
1,3|12|12|40,176.0,41,41|311,41|311
1,3|12|24|25,176.0,117,117|235,117|235
1,3|12|24|26,176.0,117,117|235,117|235
1,3|12|25|26,176.0,117,117|235,117|235
1,3|13|14|17,176.0,324,324|28,324|28
1,3|13|14|23,176.0,324,324|28,324|28
1,3|13|17|23,176.0,324,324|28,324|28
1,3|13|21|38,176.0,306,306|46,306|46
1,3|14|17|23,176.0,324,324|28,324|28
1,3|14|19|22,176.0,160,160|192,160|192
1,3|15|20|23,176.0,151,151|201,151|201
1,3|15|20|25,176.0,151,151|201,151|201
1,3|15|23|25,176.0,151,151|201,151|201
1,3|16|18|30,176.0,228,228|124,228|124
1,3|16|18|34,176.0,228,228|124,228|124
1,3|16|19|20,176.0,236,236|116,236|116
1,3|16|19|23,176.0,236,236|116,236|116
1,3|16|20|23,176.0,236,236|116,236|116
1,3|16|25|41,176.0,89,89|263,89|263
1,3|16|30|34,176.0,228,228|124,228|124
1,3|17|23|32,176.0,132,132|220,132|220
1,3|17|25|39,176.0,137,137|215,137|215
1,3|17|25|42,176.0,137,137|215,137|215
1,3|17|39|42,176.0,137,137|215,137|215
1,3|18|21|36,176.0,80,80|272,80|272
1,3|18|24|37,176.0,255,255|97,255|97
1,3|18|30|34,176.0,228,228|124,228|124
1,3|18|34|42,176.0,207,207|145,207|145
1,3|18|34|43,176.0,207,207|145,207|145
1,3|18|42|43,176.0,207,207|145,207|145
1,3|19|20|21,176.0,11,11|341,11|341
1,3|19|20|23,176.0,236,236|116,236|116
1,3|19|20|28,176.0,11,11|341,11|341
1,3|19|21|28,176.0,11,11|341,11|341
1,3|20|21|28,176.0,11,11|341,11|341
1,3|20|22|24,176.0,232,232|120,232|120
1,3|20|22|36,176.0,232,232|120,232|120
1,3|20|23|25,176.0,151,151|201,151|201
1,3|20|24|36,176.0,232,232|120,232|120
1,3|20|25|37,176.0,136,136|216,136|216
1,3|20|30|39,176.0,97,97|255,97|255
1,3|20|33|34,176.0,339,339|13,339|13
1,3|20|33|40,176.0,339,339|13,339|13
1,3|20|34|40,176.0,339,339|13,339|13
1,3|22|24|36,176.0,232,232|120,232|120
1,3|22|26|29,176.0,212,212|140,212|140
1,3|22|26|36,176.0,212,212|140,212|140
1,3|22|28|37,176.0,216,216|136,216|136
1,3|22|29|36,176.0,212,212|140,212|140
1,3|22|40|41,176.0,149,149|203,149|203
1,3|23|25|38,176.0,184,184|168,184|168
1,3|23|28|29,176.0,287,287|65,287|65
1,3|23|28|32,176.0,287,287|65,287|65
1,3|23|29|32,176.0,287,287|65,287|65
1,3|23|30|35,176.0,84,84|268,84|268
1,3|23|31|35,176.0,249,249|103,249|103
1,3|23|31|40,176.0,249,249|103,249|103
1,3|23|35|40,176.0,249,249|103,249|103
1,3|24|25|26,176.0,117,117|235,117|235
1,3|25|28|40,176.0,129,129|223,129|223
1,3|25|39|42,176.0,137,137|215,137|215
1,3|26|29|36,176.0,212,212|140,212|140
1,3|26|33|34,176.0,340,340|12,340|12
1,3|26|33|38,176.0,340,340|12,340|12
1,3|26|34|38,176.0,340,340|12,340|12
1,3|27|39|41,176.0,138,138|214,138|214
1,3|28|29|32,176.0,287,287|65,287|65
1,3|30|32|38,176.0,28,28|324,28|324
1,3|30|32|41,176.0,28,28|324,28|324
1,3|30|37|39,176.0,164,164|188,164|188
1,3|30|38|41,176.0,28,28|324,28|324
1,3|31|34|43,176.0,145,145|207,145|207
1,3|31|35|40,176.0,249,249|103,249|103
1,3|32|38|41,176.0,28,28|324,28|324
1,3|32|40|42,176.0,161,161|191,161|191
1,3|33|34|38,176.0,340,340|12,340|12
1,3|33|34|40,176.0,339,339|13,339|13
1,3|34|42|43,176.0,207,207|145,207|145
1,4|5|9|13,176.0,321,321|31,321|31
1,4|5|9|40,176.0,321,321|31,321|31
1,4|5|13|16,176.0,25,25|327,25|327
1,4|5|13|40,176.0,321,321|31,321|31
1,4|5|13|41,176.0,25,25|327,25|327
1,4|5|16|41,176.0,25,25|327,25|327
1,4|6|7|13,176.0,203,203|149,203|149
1,4|6|14|17,176.0,335,335|17,335|17
1,4|6|14|29,176.0,335,335|17,335|17
1,4|6|17|29,176.0,335,335|17,335|17
1,4|7|10|36,176.0,253,253|99,253|99
1,4|7|10|41,176.0,253,253|99,253|99
1,4|7|36|41,176.0,253,253|99,253|99
1,4|8|11|36,176.0,52,52|300,52|300
1,4|8|12|17,176.0,108,108|244,108|244
1,4|8|12|35,176.0,108,108|244,108|244
1,4|8|17|35,176.0,108,108|244,108|244
1,4|8|18|25,176.0,39,39|313,39|313
1,4|8|18|29,176.0,39,39|313,39|313
1,4|8|19|20,176.0,92,92|260,92|260
1,4|8|19|27,176.0,141,141|211,141|211
1,4|8|19|35,176.0,92,92|260,92|260
1,4|8|20|35,176.0,92,92|260,92|260
1,4|8|22|37,176.0,131,131|221,131|221
1,4|8|25|29,176.0,39,39|313,39|313
1,4|8|32|34,176.0,143,143|209,143|209
1,4|8|32|40,176.0,143,143|209,143|209
1,4|8|34|40,176.0,143,143|209,143|209
1,4|9|10|35,176.0,95,95|257,95|257
1,4|9|10|40,176.0,95,95|257,95|257
1,4|9|13|40,176.0,321,321|31,321|31
1,4|9|14|31,176.0,53,53|299,53|299
1,4|9|14|34,176.0,53,53|299,53|299
2,4|9|15|24,117.33333333333333,70,70|230|52,70|230|52
1,4|9|15|29,176.0,70,70|282,70|282
1,4|9|20|32,176.0,334,334|18,334|18
1,4|9|20|35,176.0,48,48|304,48|304
1,4|9|20|43,176.0,48,48|304,48|304
1,4|9|24|29,176.0,70,70|282,70|282
1,4|9|31|34,176.0,53,53|299,53|299
1,4|9|35|40,176.0,95,95|257,95|257
1,4|9|35|43,176.0,48,48|304,48|304
1,4|10|17|37,176.0,295,295|57,295|57
1,4|10|20|32,176.0,127,127|225,127|225
1,4|10|20|33,176.0,127,127|225,127|225
1,4|10|32|33,176.0,127,127|225,127|225
1,4|10|35|40,176.0,95,95|257,95|257
1,4|10|36|41,176.0,253,253|99,253|99
1,4|11|12|16,176.0,140,140|212,140|212
1,4|11|12|26,176.0,140,140|212,140|212
1,4|11|14|16,176.0,99,99|253,99|253
1,4|11|14|36,176.0,99,99|253,99|253
1,4|11|16|26,176.0,140,140|212,140|212
1,4|11|16|36,176.0,99,99|253,99|253
1,4|11|22|25,176.0,18,18|334,18|334
1,4|11|22|26,176.0,18,18|334,18|334
1,4|11|25|26,176.0,18,18|334,18|334
1,4|12|15|33,176.0,60,60|292,60|292
1,4|12|15|42,176.0,60,60|292,60|292
1,4|12|16|26,176.0,140,140|212,140|212
1,4|12|17|35,176.0,108,108|244,108|244
1,4|12|18|35,176.0,157,157|195,157|195
1,4|12|33|42,176.0,60,60|292,60|292
1,4|13|14|16,176.0,224,224|128,224|128
1,4|13|14|33,176.0,224,224|128,224|128
1,4|13|16|33,176.0,224,224|128,224|128
1,4|13|16|41,176.0,25,25|327,25|327
1,4|13|23|33,176.0,314,314|38,314|38
1,4|13|24|39,176.0,77,77|275,77|275
1,4|13|24|41,176.0,77,77|275,77|275
1,4|13|25|31,176.0,180,180|172,180|172
1,4|13|25|33,176.0,180,180|172,180|172
1,4|13|31|33,176.0,180,180|172,180|172
1,4|13|39|41,176.0,77,77|275,77|275
1,4|14|16|33,176.0,224,224|128,224|128
1,4|14|16|36,176.0,99,99|253,99|253
1,4|14|17|29,176.0,335,335|17,335|17
1,4|14|21|42,176.0,270,270|82,270|82
1,4|14|31|34,176.0,53,53|299,53|299
1,4|15|22|23,176.0,308,308|44,308|44
1,4|15|22|38,176.0,308,308|44,308|44
1,4|15|23|38,176.0,308,308|44,308|44
1,4|15|24|29,176.0,70,70|282,70|282
1,4|15|33|42,176.0,60,60|292,60|292
1,4|16|30|40,176.0,185,185|167,185|167
1,4|17|27|28,176.0,260,260|92,260|92
1,4|17|27|42,176.0,260,260|92,260|92
1,4|17|28|42,176.0,260,260|92,260|92
1,4|17|36|37,176.0,181,181|171,181|171
1,4|17|36|43,176.0,181,181|171,181|171
1,4|17|37|43,176.0,181,181|171,181|171
1,4|18|21|42,176.0,234,234|118,234|118
1,4|18|25|29,176.0,39,39|313,39|313
1,4|19|20|35,176.0,92,92|260,92|260
1,4|20|25|37,176.0,136,136|216,136|216
1,4|20|32|33,176.0,127,127|225,127|225
1,4|20|35|43,176.0,48,48|304,48|304
1,4|21|30|43,176.0,139,139|213,139|213
1,4|22|23|38,176.0,308,308|44,308|44
1,4|22|25|26,176.0,18,18|334,18|334
1,4|22|26|29,176.0,209,209|143,209|143
1,4|22|26|36,176.0,209,209|143,209|143
1,4|22|29|36,176.0,209,209|143,209|143
1,4|22|40|41,176.0,149,149|203,149|203
1,4|23|27|29,176.0,269,269|83,269|83
1,4|23|27|34,176.0,269,269|83,269|83
1,4|23|29|34,176.0,269,269|83,269|83
1,4|24|28|36,176.0,315,315|37,315|37
1,4|24|28|39,176.0,315,315|37,315|37
1,4|24|36|39,176.0,315,315|37,315|37
1,4|24|39|41,176.0,77,77|275,77|275
1,4|25|31|33,176.0,180,180|172,180|172
1,4|26|29|36,176.0,209,209|143,209|143
1,4|27|28|42,176.0,260,260|92,260|92
1,4|27|29|34,176.0,269,269|83,269|83
1,4|28|36|39,176.0,315,315|37,315|37
1,4|29|32|33,176.0,68,68|284,68|284
1,4|31|34|43,176.0,145,145|207,145|207
1,4|32|34|40,176.0,143,143|209,143|209
1,4|36|37|43,176.0,181,181|171,181|171
1,5|6|7|12,176.0,349,349|3,349|3
1,5|6|7|28,176.0,24,24|328,24|328
1,5|6|7|32,176.0,24,24|328,24|328
1,5|6|7|37,176.0,349,349|3,349|3
1,5|6|8|27,176.0,163,163|189,163|189
1,5|6|9|39,176.0,264,264|88,264|88
1,5|6|9|42,176.0,264,264|88,264|88
1,5|6|12|37,176.0,349,349|3,349|3
1,5|6|13|26,176.0,318,318|34,318|34
1,5|6|14|16,176.0,268,268|84,268|84
1,5|6|14|26,176.0,244,244|108,244|108
1,5|6|14|31,176.0,244,244|108,244|108
1,5|6|14|35,176.0,268,268|84,268|84
1,5|6|16|35,176.0,268,268|84,268|84
1,5|6|26|31,176.0,244,244|108,244|108
1,5|6|28|32,176.0,24,24|328,24|328
1,5|6|39|42,176.0,264,264|88,264|88
1,5|7|9|28,176.0,289,289|63,289|63
1,5|7|12|37,176.0,349,349|3,349|3
1,5|7|20|34,176.0,227,227|125,227|125
1,5|7|20|37,176.0,227,227|125,227|125
1,5|7|28|32,176.0,24,24|328,24|328
1,5|7|34|37,176.0,227,227|125,227|125
1,5|8|10|13,176.0,58,58|294,58|294
1,5|8|10|20,176.0,58,58|294,58|294
1,5|8|12|17,176.0,55,55|297,55|297
1,5|8|12|43,176.0,55,55|297,55|297
1,5|8|13|20,176.0,58,58|294,58|294
1,5|8|17|43,176.0,55,55|297,55|297
1,5|9|11|42,176.0,219,219|133,219|133
1,5|9|13|40,176.0,321,321|31,321|31
1,5|9|29|42,176.0,277,277|75,277|75
1,5|9|34|42,176.0,206,206|146,206|146
1,5|9|39|42,176.0,264,264|88,264|88
1,5|10|13|20,176.0,58,58|294,58|294
1,5|12|17|43,176.0,55,55|297,55|297
1,5|12|25|26,176.0,22,22|330,22|330
1,5|12|25|43,176.0,22,22|330,22|330
1,5|12|26|43,176.0,22,22|330,22|330
1,5|13|14|26,176.0,93,93|259,93|259
1,5|13|14|31,176.0,93,93|259,93|259
1,5|13|14|35,176.0,197,197|155,197|155
1,5|13|14|42,176.0,197,197|155,197|155
1,5|13|16|41,176.0,25,25|327,25|327
1,5|13|22|34,176.0,186,186|166,186|166
1,5|13|22|43,176.0,186,186|166,186|166
1,5|13|26|31,176.0,93,93|259,93|259
1,5|13|34|43,176.0,186,186|166,186|166
1,5|13|35|42,176.0,197,197|155,197|155
1,5|14|16|35,176.0,268,268|84,268|84
2,5|14|26|31,117.33333333333333,93,93|151|108,93|151|108
1,5|14|28|31,176.0,32,32|320,32|320
1,5|14|28|39,176.0,32,32|320,32|320
1,5|14|31|39,176.0,32,32|320,32|320
1,5|14|35|42,176.0,197,197|155,197|155
1,5|16|26|32,176.0,154,154|198,154|198
1,5|16|26|36,176.0,154,154|198,154|198
1,5|16|32|36,176.0,154,154|198,154|198
1,5|18|19|25,176.0,201,201|151,201|151
1,5|18|19|41,176.0,201,201|151,201|151
1,5|18|25|41,176.0,201,201|151,201|151
1,5|18|38|41,176.0,4,4|348,4|348
1,5|19|25|41,176.0,201,201|151,201|151
1,5|20|27|30,176.0,173,173|179,173|179
1,5|20|27|38,176.0,173,173|179,173|179
1,5|20|30|38,176.0,173,173|179,173|179
1,5|20|34|37,176.0,227,227|125,227|125
1,5|22|34|43,176.0,186,186|166,186|166
1,5|23|24|29,176.0,190,190|162,190|162
1,5|23|24|43,176.0,190,190|162,190|162
1,5|23|26|32,176.0,54,54|298,54|298
1,5|23|26|38,176.0,54,54|298,54|298
1,5|23|29|43,176.0,190,190|162,190|162
1,5|23|32|38,176.0,54,54|298,54|298
1,5|24|27|32,176.0,47,47|305,47|305
1,5|24|27|35,176.0,47,47|305,47|305
1,5|24|29|43,176.0,190,190|162,190|162
1,5|24|32|35,176.0,47,47|305,47|305
1,5|25|26|43,176.0,22,22|330,22|330
1,5|26|32|36,176.0,154,154|198,154|198
1,5|26|32|38,176.0,54,54|298,54|298
1,5|27|30|38,176.0,173,173|179,173|179
1,5|27|32|35,176.0,47,47|305,47|305
1,5|28|31|39,176.0,32,32|320,32|320
1,5|29|33|34,176.0,31,31|321,31|321
1,5|29|33|39,176.0,31,31|321,31|321
1,5|29|34|39,176.0,31,31|321,31|321
1,5|30|37|39,176.0,164,164|188,164|188
1,5|33|34|39,176.0,31,31|321,31|321
1,5|33|34|41,176.0,217,217|135,217|135
1,5|33|34|43,176.0,217,217|135,217|135
1,5|33|41|43,176.0,217,217|135,217|135
1,5|34|41|43,176.0,217,217|135,217|135
1,6|7|8|27,176.0,146,146|206,146|206
1,6|7|8|34,176.0,146,146|206,146|206
1,6|7|12|37,176.0,349,349|3,349|3
1,6|7|27|34,176.0,146,146|206,146|206
1,6|7|28|32,176.0,24,24|328,24|328
1,6|8|13|14,176.0,155,155|197,155|197
1,6|8|13|28,176.0,109,109|243,109|243
2,6|8|13|29,117.33333333333333,109,109|173|70,109|173|70
1,6|8|13|31,176.0,282,282|70,282|70
1,6|8|13|37,176.0,155,155|197,155|197
1,6|8|14|37,176.0,155,155|197,155|197
1,6|8|27|34,176.0,146,146|206,146|206
1,6|8|28|29,176.0,109,109|243,109|243
1,6|8|29|31,176.0,282,282|70,282|70
1,6|9|15|37,176.0,326,326|26,326|26
1,6|9|15|42,176.0,326,326|26,326|26
1,6|9|37|42,176.0,326,326|26,326|26
1,6|9|39|42,176.0,264,264|88,264|88
1,6|10|12|18,176.0,159,159|193,159|193
1,6|10|12|39,176.0,159,159|193,159|193
1,6|10|14|22,176.0,43,43|309,43|309
1,6|10|14|39,176.0,43,43|309,43|309
1,6|10|18|39,176.0,159,159|193,159|193
1,6|10|22|39,176.0,43,43|309,43|309
1,6|10|23|31,176.0,242,242|110,242|110
1,6|10|23|34,176.0,242,242|110,242|110
1,6|10|31|34,176.0,242,242|110,242|110
1,6|11|12|17,176.0,273,273|79,273|79
1,6|11|12|40,176.0,273,273|79,273|79
1,6|11|17|40,176.0,273,273|79,273|79
1,6|12|14|15,176.0,119,119|233,119|233
1,6|12|14|38,176.0,119,119|233,119|233
1,6|12|15|26,176.0,125,125|227,125|227
1,6|12|15|35,176.0,125,125|227,125|227
1,6|12|15|38,176.0,119,119|233,119|233
1,6|12|16|21,176.0,214,214|138,214|138
1,6|12|16|33,176.0,214,214|138,214|138
1,6|12|17|40,176.0,273,273|79,273|79
1,6|12|18|36,176.0,316,316|36,316|36
1,6|12|18|39,176.0,159,159|193,159|193
1,6|12|21|33,176.0,214,214|138,214|138
1,6|12|26|35,176.0,125,125|227,125|227
1,6|13|14|37,176.0,155,155|197,155|197
1,6|13|15|26,176.0,171,171|181,171|181
1,6|13|15|31,176.0,171,171|181,171|181
1,6|13|26|31,176.0,171,171|181,171|181
1,6|13|28|29,176.0,109,109|243,109|243
1,6|13|29|31,176.0,282,282|70,282|70
1,6|14|15|38,176.0,119,119|233,119|233
1,6|14|16|35,176.0,268,268|84,268|84
1,6|14|17|29,176.0,335,335|17,335|17
1,6|14|21|28,176.0,6,6|346,6|346
1,6|14|21|35,176.0,6,6|346,6|346
1,6|14|22|39,176.0,43,43|309,43|309
1,6|14|25|29,176.0,61,61|291,61|291
1,6|14|25|42,176.0,61,61|291,61|291
1,6|14|26|31,176.0,244,244|108,244|108
1,6|14|28|35,176.0,6,6|346,6|346
1,6|14|29|42,176.0,61,61|291,61|291
1,6|14|32|34,176.0,319,319|33,319|33
1,6|14|32|42,176.0,319,319|33,319|33
1,6|14|34|42,176.0,319,319|33,319|33
1,6|15|19|27,176.0,237,237|115,237|115
1,6|15|19|42,176.0,237,237|115,237|115
1,6|15|26|31,176.0,171,171|181,171|181
1,6|15|26|35,176.0,125,125|227,125|227
1,6|15|27|42,176.0,237,237|115,237|115
1,6|15|37|42,176.0,326,326|26,326|26
1,6|16|20|24,176.0,218,218|134,218|134
1,6|16|20|30,176.0,218,218|134,218|134
1,6|16|21|33,176.0,214,214|138,214|138
1,6|16|23|43,176.0,274,274|78,274|78
1,6|16|24|30,176.0,218,218|134,218|134
1,6|17|23|27,176.0,275,275|77,275|77
1,6|17|23|32,176.0,275,275|77,275|77
1,6|17|24|39,176.0,150,150|202,150|202
1,6|17|24|43,176.0,150,150|202,150|202
1,6|17|27|32,176.0,275,275|77,275|77
1,6|17|31|32,176.0,225,225|127,225|127
1,6|17|31|41,176.0,225,225|127,225|127
1,6|17|32|41,176.0,225,225|127,225|127
1,6|17|39|43,176.0,150,150|202,150|202
1,6|19|23|25,176.0,103,103|249,103|249
1,6|19|23|41,176.0,103,103|249,103|249
1,6|19|25|28,176.0,350,350|2,350|2
1,6|19|25|36,176.0,350,350|2,350|2
1,6|19|25|41,176.0,103,103|249,103|249
1,6|19|27|42,176.0,237,237|115,237|115
1,6|19|28|36,176.0,350,350|2,350|2
1,6|20|24|30,176.0,218,218|134,218|134
1,6|20|25|27,176.0,259,259|93,259|93
1,6|20|25|43,176.0,259,259|93,259|93
1,6|20|27|43,176.0,259,259|93,259|93
1,6|20|33|36,176.0,194,194|158,194|158
1,6|20|33|41,176.0,194,194|158,194|158
1,6|20|36|41,176.0,194,194|158,194|158
1,6|21|28|35,176.0,6,6|346,6|346
1,6|22|25|28,176.0,158,158|194,158|194
1,6|22|25|40,176.0,158,158|194,158|194
1,6|22|28|40,176.0,158,158|194,158|194
1,6|22|33|36,176.0,153,153|199,153|199
1,6|22|33|41,176.0,153,153|199,153|199
1,6|22|36|41,176.0,153,153|199,153|199
1,6|23|25|38,176.0,184,184|168,184|168
1,6|23|25|41,176.0,103,103|249,103|249
1,6|23|27|32,176.0,275,275|77,275|77
1,6|23|31|34,176.0,242,242|110,242|110
1,6|24|39|43,176.0,150,150|202,150|202
1,6|25|27|43,176.0,259,259|93,259|93
1,6|25|28|36,176.0,350,350|2,350|2
1,6|25|28|40,176.0,158,158|194,158|194
1,6|25|29|42,176.0,61,61|291,61|291
1,6|27|32|40,176.0,113,113|239,113|239
1,6|27|32|42,176.0,113,113|239,113|239
1,6|27|40|42,176.0,113,113|239,113|239
1,6|29|34|41,176.0,112,112|240,112|240
1,6|29|34|42,176.0,112,112|240,112|240
1,6|29|41|42,176.0,112,112|240,112|240
1,6|31|32|41,176.0,225,225|127,225|127
1,6|32|34|42,176.0,319,319|33,319|33
1,6|32|40|42,176.0,113,113|239,113|239
2,6|33|36|41,117.33333333333333,153,153|41|158,153|41|158
1,6|34|41|42,176.0,112,112|240,112|240
1,7|8|18|25,176.0,231,231|121,231|121
1,7|8|18|43,176.0,231,231|121,231|121
1,7|8|25|43,176.0,231,231|121,231|121
1,7|8|27|34,176.0,146,146|206,146|206
1,7|9|12|34,176.0,36,36|316,36|316
1,7|9|16|24,176.0,169,169|183,169|183
1,7|9|16|31,176.0,169,169|183,169|183
1,7|9|24|31,176.0,169,169|183,169|183
1,7|10|24|31,176.0,276,276|76,276|76
1,7|10|24|43,176.0,276,276|76,276|76
1,7|10|25|27,176.0,65,65|287,65|287
1,7|10|31|43,176.0,276,276|76,276|76
1,7|10|36|41,176.0,253,253|99,253|99
1,7|11|16|23,176.0,195,195|157,195|157
1,7|11|16|30,176.0,9,9|343,9|343
1,7|11|16|35,176.0,9,9|343,9|343
1,7|11|19|25,176.0,168,168|184,168|184
1,7|11|23|41,176.0,311,311|41,311|41
1,7|11|23|43,176.0,311,311|41,311|41
1,7|11|30|35,176.0,9,9|343,9|343
1,7|11|39|41,176.0,178,178|174,178|174
1,7|11|41|43,176.0,311,311|41,311|41
1,7|12|12|40,176.0,41,41|311,41|311
1,7|12|19|21,176.0,330,330|22,330|22
1,7|12|26|43,176.0,235,235|117,235|117
1,7|14|16|18,176.0,35,35|317,35|317
1,7|14|16|36,176.0,35,35|317,35|317
1,7|14|18|36,176.0,35,35|317,35|317
1,7|14|19|22,176.0,160,160|192,160|192
1,7|14|25|31,176.0,15,15|337,15|337
1,7|14|35|43,176.0,38,38|314,38|314
1,7|16|18|36,176.0,35,35|317,35|317
1,7|16|18|37,176.0,263,263|89,263|89
1,7|16|18|40,176.0,263,263|89,263|89
1,7|16|19|20,176.0,87,87|265,87|265
1,7|16|19|37,176.0,87,87|265,87|265
1,7|16|20|37,176.0,87,87|265,87|265
1,7|16|24|31,176.0,169,169|183,169|183
1,7|16|30|35,176.0,9,9|343,9|343
1,7|16|37|40,176.0,263,263|89,263|89
1,7|17|18|30,176.0,258,258|94,258|94
1,7|17|18|33,176.0,258,258|94,258|94
1,7|17|30|33,176.0,258,258|94,258|94
1,7|18|23|31,176.0,14,14|338,14|338
1,7|18|23|36,176.0,14,14|338,14|338
1,7|18|25|43,176.0,231,231|121,231|121
1,7|18|30|33,176.0,258,258|94,258|94
1,7|18|31|36,176.0,14,14|338,14|338
1,7|18|37|40,176.0,263,263|89,263|89
1,7|19|20|37,176.0,87,87|265,87|265
1,7|20|34|37,176.0,227,227|125,227|125
1,7|20|36|42,176.0,251,251|101,251|101
1,7|20|36|43,176.0,251,251|101,251|101
1,7|20|42|43,176.0,251,251|101,251|101
1,7|22|25|36,176.0,111,111|241,111|241
1,7|22|25|37,176.0,111,111|241,111|241
1,7|22|29|32,176.0,343,343|9,343|9
1,7|22|29|41,176.0,343,343|9,343|9
1,7|22|32|41,176.0,343,343|9,343|9
1,7|22|36|37,176.0,111,111|241,111|241
1,7|23|24|34,176.0,328,328|24,328|24
1,7|23|24|39,176.0,328,328|24,328|24
1,7|23|30|33,176.0,329,329|23,329|23
1,7|23|30|35,176.0,84,84|268,84|268
1,7|23|30|36,176.0,329,329|23,329|23
1,7|23|31|36,176.0,14,14|338,14|338
1,7|23|33|36,176.0,329,329|23,329|23
1,7|23|34|39,176.0,328,328|24,328|24
1,7|23|41|43,176.0,311,311|41,311|41
1,7|24|29|30,176.0,20,20|332,20|332
1,7|24|29|38,176.0,20,20|332,20|332
1,7|24|30|38,176.0,20,20|332,20|332
1,7|24|31|43,176.0,276,276|76,276|76
1,7|24|34|39,176.0,328,328|24,328|24
1,7|25|36|37,176.0,111,111|241,111|241
1,7|29|30|38,176.0,20,20|332,20|332
1,7|29|32|41,176.0,343,343|9,343|9
1,7|30|33|36,176.0,329,329|23,329|23
1,7|36|42|43,176.0,251,251|101,251|101
1,7|37|38|39,176.0,245,245|107,245|107
1,7|37|38|41,176.0,245,245|107,245|107
1,7|37|39|41,176.0,245,245|107,245|107
1,7|38|39|41,176.0,245,245|107,245|107
1,8|9|12|39,176.0,94,94|258,94|258
1,8|9|19|23,176.0,208,208|144,208|144
1,8|9|19|38,176.0,208,208|144,208|144
1,8|9|23|38,176.0,208,208|144,208|144
1,8|9|25|33,176.0,66,66|286,66|286
1,8|10|13|20,176.0,58,58|294,58|294
1,8|10|15|39,176.0,210,210|142,210|142
1,8|11|13|18,176.0,85,85|267,85|267
1,8|11|13|27,176.0,85,85|267,85|267
1,8|11|15|35,176.0,46,46|306,46|306
1,8|11|15|40,176.0,46,46|306,46|306
1,8|11|17|23,176.0,239,239|113,239|113
1,8|11|17|39,176.0,239,239|113,239|113
1,8|11|18|27,176.0,85,85|267,85|267
1,8|11|22|35,176.0,226,226|126,226|126
1,8|11|22|41,176.0,226,226|126,226|126
1,8|11|23|39,176.0,239,239|113,239|113
1,8|11|35|40,176.0,46,46|306,46|306
1,8|11|35|41,176.0,226,226|126,226|126
1,8|12|16|21,176.0,30,30|322,30|322
1,8|12|16|27,176.0,30,30|322,30|322
1,8|12|17|35,176.0,108,108|244,108|244
1,8|12|17|43,176.0,55,55|297,55|297
1,8|12|20|36,176.0,342,342|10,342|10
1,8|12|20|40,176.0,342,342|10,342|10
1,8|12|21|27,176.0,30,30|322,30|322
1,8|12|22|29,176.0,292,292|60,292|60
1,8|12|22|39,176.0,292,292|60,292|60
1,8|12|29|39,176.0,292,292|60,292|60
1,8|12|36|40,176.0,342,342|10,342|10
1,8|13|14|37,176.0,155,155|197,155|197
1,8|13|18|27,176.0,85,85|267,85|267
1,8|13|28|29,176.0,109,109|243,109|243
1,8|13|29|31,176.0,282,282|70,282|70
1,8|14|17|23,176.0,74,74|278,74|278
1,8|14|17|37,176.0,74,74|278,74|278
1,8|14|19|28,176.0,21,21|331,21|331
1,8|14|20|22,176.0,283,283|69,283|69
1,8|14|20|42,176.0,283,283|69,283|69
1,8|14|22|42,176.0,283,283|69,283|69
1,8|14|23|37,176.0,74,74|278,74|278
1,8|14|23|40,176.0,29,29|323,29|323
1,8|15|28|38,176.0,170,170|182,170|182
1,8|15|28|42,176.0,170,170|182,170|182
1,8|15|35|40,176.0,46,46|306,46|306
1,8|15|38|42,176.0,170,170|182,170|182
1,8|16|19|35,176.0,313,313|39,313|39
1,8|16|19|41,176.0,313,313|39,313|39
1,8|16|21|27,176.0,30,30|322,30|322
1,8|16|25|36,176.0,200,200|152,200|152
1,8|16|25|37,176.0,200,200|152,200|152
1,8|16|35|41,176.0,313,313|39,313|39
1,8|16|36|37,176.0,200,200|152,200|152
1,8|17|21|25,176.0,193,193|159,193|159
1,8|17|21|40,176.0,193,193|159,193|159
1,8|17|23|37,176.0,74,74|278,74|278
1,8|17|23|39,176.0,239,239|113,239|113
1,8|17|25|40,176.0,193,193|159,193|159
1,8|17|26|27,176.0,13,13|339,13|339
1,8|17|26|31,176.0,13,13|339,13|339
1,8|17|27|31,176.0,13,13|339,13|339
1,8|18|25|29,176.0,39,39|313,39|313
1,8|18|25|43,176.0,231,231|121,231|121
1,8|19|20|35,176.0,92,92|260,92|260
1,8|19|22|25,176.0,75,75|277,75|277
1,8|19|22|38,176.0,75,75|277,75|277
1,8|19|23|38,176.0,208,208|144,208|144
1,8|19|25|36,176.0,51,51|301,51|301
2,8|19|25|38,117.33333333333333,51,51|24|277,51|24|277
1,8|19|35|41,176.0,313,313|39,313|39
1,8|19|36|38,176.0,51,51|301,51|301
1,8|20|22|42,176.0,283,283|69,283|69
1,8|20|25|27,176.0,233,233|119,233|119
1,8|20|32|36,176.0,191,191|161,191|161
1,8|20|32|40,176.0,191,191|161,191|161
2,8|20|36|40,117.33333333333333,191,191|151|10,191|151|10
1,8|21|25|40,176.0,193,193|159,193|159
1,8|21|34|35,176.0,122,122|230,122|230
1,8|22|25|38,176.0,75,75|277,75|277
1,8|22|29|39,176.0,292,292|60,292|60
1,8|22|35|41,176.0,226,226|126,226|126
1,8|23|24|32,176.0,261,261|91,261|91
1,8|23|24|36,176.0,261,261|91,261|91
1,8|23|32|36,176.0,261,261|91,261|91
1,8|24|26|33,176.0,205,205|147,205|147
1,8|24|26|35,176.0,205,205|147,205|147
1,8|24|32|36,176.0,261,261|91,261|91
1,8|24|33|35,176.0,205,205|147,205|147
1,8|25|28|40,176.0,129,129|223,129|223
1,8|25|36|37,176.0,200,200|152,200|152
1,8|25|36|38,176.0,51,51|301,51|301
1,8|26|27|31,176.0,13,13|339,13|339
1,8|26|33|35,176.0,205,205|147,205|147
1,8|28|38|42,176.0,170,170|182,170|182
1,8|32|34|40,176.0,143,143|209,143|209
1,8|32|36|40,176.0,191,191|161,191|161
1,9|10|35|40,176.0,95,95|257,95|257
1,9|12|16|18,176.0,238,238|114,238|114
1,9|12|16|34,176.0,238,238|114,238|114
1,9|12|18|32,176.0,267,267|85,267|85
1,9|12|18|34,176.0,238,238|114,238|114
1,9|12|18|37,176.0,291,291|61,291|61
1,9|12|18|38,176.0,267,267|85,267|85
1,9|12|18|41,176.0,291,291|61,291|61
1,9|12|23|33,176.0,37,37|315,37|315
1,9|12|23|36,176.0,37,37|315,37|315
1,9|12|31|33,176.0,121,121|231,121|231
1,9|12|31|43,176.0,121,121|231,121|231
1,9|12|32|38,176.0,267,267|85,267|85
1,9|12|33|36,176.0,37,37|315,37|315
1,9|12|33|43,176.0,121,121|231,121|231
1,9|12|34|40,176.0,337,337|15,337|15
1,9|12|37|41,176.0,291,291|61,291|61
1,9|13|16|30,176.0,3,3|349,3|349
1,9|13|18|19,176.0,116,116|236,116|236
1,9|13|18|33,176.0,116,116|236,116|236
1,9|13|19|33,176.0,116,116|236,116|236
1,9|13|31|33,176.0,177,177|175,177|175
1,9|13|31|41,176.0,177,177|175,177|175
1,9|13|33|41,176.0,177,177|175,177|175
1,9|14|25|26,176.0,175,175|177,175|177
1,9|14|25|37,176.0,175,175|177,175|177
1,9|14|26|37,176.0,175,175|177,175|177
1,9|14|28|33,176.0,192,192|160,192|160
1,9|14|28|43,176.0,192,192|160,192|160
1,9|14|31|34,176.0,53,53|299,53|299
1,9|14|33|43,176.0,192,192|160,192|160
1,9|15|19|27,176.0,254,254|98,254|98
1,9|15|19|30,176.0,254,254|98,254|98
1,9|15|24|29,176.0,70,70|282,70|282
1,9|15|27|30,176.0,254,254|98,254|98
1,9|15|37|42,176.0,326,326|26,326|26
1,9|16|18|34,176.0,238,238|114,238|114
1,9|16|20|28,176.0,135,135|217,135|217
1,9|16|20|37,176.0,135,135|217,135|217
1,9|16|24|31,176.0,169,169|183,169|183
1,9|16|28|37,176.0,135,135|217,135|217
1,9|17|27|42,176.0,72,72|280,72|280
1,9|17|28|31,176.0,45,45|307,45|307
1,9|17|28|35,176.0,2,2|350,2|350
1,9|17|28|38,176.0,2,2|350,2|350
1,9|17|28|40,176.0,45,45|307,45|307
1,9|17|31|40,176.0,45,45|307,45|307
1,9|17|35|38,176.0,2,2|350,2|350
1,9|18|19|33,176.0,116,116|236,116|236
1,9|18|32|38,176.0,267,267|85,267|85
1,9|18|37|41,176.0,291,291|61,291|61
1,9|19|23|38,176.0,208,208|144,208|144
1,9|19|27|30,176.0,254,254|98,254|98
1,9|20|24|31,176.0,336,336|16,336|16
1,9|20|24|33,176.0,336,336|16,336|16
1,9|20|28|37,176.0,135,135|217,135|217
1,9|20|31|33,176.0,336,336|16,336|16
1,9|20|35|43,176.0,48,48|304,48|304
1,9|23|33|36,176.0,37,37|315,37|315
1,9|24|31|33,176.0,336,336|16,336|16
1,9|25|26|37,176.0,175,175|177,175|177
1,9|27|29|35,176.0,98,98|254,98|254
1,9|28|31|40,176.0,45,45|307,45|307
1,9|28|33|43,176.0,192,192|160,192|160
1,9|28|35|38,176.0,2,2|350,2|350
1,9|31|33|41,176.0,177,177|175,177|175
1,9|31|33|43,176.0,121,121|231,121|231
1,10|11|15|28,176.0,69,69|283,69|283
1,10|11|15|31,176.0,118,118|234,118|234
1,10|11|15|35,176.0,69,69|283,69|283
1,10|11|15|38,176.0,118,118|234,118|234
1,10|11|28|35,176.0,69,69|283,69|283
1,10|11|31|38,176.0,118,118|234,118|234
1,10|11|37|40,176.0,8,8|344,8|344
1,10|11|37|41,176.0,8,8|344,8|344
1,10|11|40|41,176.0,8,8|344,8|344
1,10|12|13|32,176.0,188,188|164,188|164
1,10|12|13|38,176.0,188,188|164,188|164
1,10|12|16|17,176.0,248,248|104,248|104
1,10|12|16|27,176.0,248,248|104,248|104
1,10|12|17|27,176.0,248,248|104,248|104
1,10|12|18|39,176.0,159,159|193,159|193
1,10|12|25|27,176.0,110,110|242,110|242
1,10|12|25|41,176.0,110,110|242,110|242
1,10|12|27|41,176.0,110,110|242,110|242
1,10|12|32|38,176.0,188,188|164,188|164
1,10|12|34|35,176.0,213,213|139,213|139
1,10|12|34|36,176.0,213,213|139,213|139
1,10|12|35|36,176.0,213,213|139,213|139
1,10|13|21|38,176.0,306,306|46,306|46
1,10|13|22|26,176.0,26,26|326,26|326
1,10|13|22|42,176.0,26,26|326,26|326
1,10|13|26|42,176.0,26,26|326,26|326
1,10|13|32|38,176.0,188,188|164,188|164
1,10|14|18|20,176.0,257,257|95,257|95
1,10|14|18|33,176.0,257,257|95,257|95
1,10|14|19|39,176.0,174,174|178,174|178
1,10|14|19|41,176.0,174,174|178,174|178
1,10|14|20|21,176.0,202,202|150,202|150
1,10|14|20|33,176.0,257,257|95,257|95
1,10|14|20|41,176.0,202,202|150,202|150
1,10|14|21|41,176.0,202,202|150,202|150
1,10|14|22|39,176.0,43,43|309,43|309
1,10|14|27|35,176.0,128,128|224,128|224
1,10|14|27|41,176.0,128,128|224,128|224
1,10|14|29|30,176.0,176,176|176,176|176
1,10|14|29|42,176.0,176,176|176,176|176
1,10|14|30|42,176.0,176,176|176,176|176
1,10|14|34|40,176.0,134,134|218,134|218
1,10|14|35|41,176.0,128,128|224,128|224
1,10|14|39|41,176.0,174,174|178,174|178
1,10|15|16|29,176.0,79,79|273,79|273
1,10|15|16|39,176.0,79,79|273,79|273
1,10|15|20|32,176.0,59,59|293,59|293
1,10|15|20|41,176.0,59,59|293,59|293
1,10|15|28|35,176.0,69,69|283,69|283
1,10|15|29|39,176.0,79,79|273,79|273
1,10|15|31|38,176.0,118,118|234,118|234
1,10|15|32|41,176.0,59,59|293,59|293
1,10|16|17|27,176.0,248,248|104,248|104
1,10|16|18|35,176.0,332,332|20,332|20
1,10|16|18|40,176.0,332,332|20,332|20
1,10|16|19|23,176.0,309,309|43,309|43
1,10|16|19|34,176.0,309,309|43,309|43
1,10|16|23|25,176.0,86,86|266,86|266
1,10|16|23|34,176.0,309,309|43,309|43
1,10|16|25|41,176.0,89,89|263,89|263
1,10|16|29|39,176.0,79,79|273,79|273
1,10|16|35|40,176.0,332,332|20,332|20
1,10|17|24|29,176.0,144,144|208,144|208
1,10|17|24|37,176.0,310,310|42,310|42
1,10|17|24|42,176.0,310,310|42,310|42
1,10|17|24|43,176.0,144,144|208,144|208
1,10|17|29|43,176.0,144,144|208,144|208
1,10|17|37|42,176.0,310,310|42,310|42
1,10|18|19|36,176.0,246,246|106,246|106
1,10|18|19|43,176.0,246,246|106,246|106
1,10|18|20|33,176.0,257,257|95,257|95
1,10|18|21|24,176.0,12,12|340,12|340
1,10|18|21|43,176.0,12,12|340,12|340
1,10|18|24|43,176.0,12,12|340,12|340
1,10|18|35|40,176.0,332,332|20,332|20
1,10|18|36|43,176.0,246,246|106,246|106
1,10|19|23|34,176.0,309,309|43,309|43
1,10|19|36|43,176.0,246,246|106,246|106
1,10|19|39|41,176.0,174,174|178,174|178
1,10|20|21|34,176.0,5,5|347,5|347
1,10|20|21|36,176.0,5,5|347,5|347
1,10|20|21|41,176.0,202,202|150,202|150
1,10|20|25|28,176.0,115,115|237,115|237
1,10|20|25|30,176.0,115,115|237,115|237
1,10|20|28|30,176.0,115,115|237,115|237
1,10|20|30|39,176.0,97,97|255,97|255
1,10|20|32|33,176.0,127,127|225,127|225
1,10|20|32|41,176.0,59,59|293,59|293
1,10|20|34|36,176.0,5,5|347,5|347
1,10|21|23|35,176.0,303,303|49,303|49
1,10|21|24|43,176.0,12,12|340,12|340
1,10|21|34|36,176.0,5,5|347,5|347
1,10|22|26|42,176.0,26,26|326,26|326
1,10|23|25|26,176.0,266,266|86,266|86
1,10|23|25|33,176.0,266,266|86,266|86
1,10|23|26|33,176.0,266,266|86,266|86
1,10|23|31|34,176.0,242,242|110,242|110
1,10|23|38|43,176.0,165,165|187,165|187
1,10|24|29|43,176.0,144,144|208,144|208
1,10|24|31|43,176.0,276,276|76,276|76
1,10|24|37|42,176.0,310,310|42,310|42
1,10|25|26|33,176.0,266,266|86,266|86
1,10|25|27|41,176.0,110,110|242,110|242
1,10|25|28|30,176.0,115,115|237,115|237
1,10|25|29|35,176.0,130,130|222,130|222
1,10|25|29|37,176.0,130,130|222,130|222
1,10|25|35|37,176.0,130,130|222,130|222
1,10|27|30|31,176.0,10,10|342,10|342
1,10|27|35|41,176.0,128,128|224,128|224
1,10|28|35|41,176.0,307,307|45,307|45
1,10|29|30|42,176.0,176,176|176,176|176
1,10|29|35|37,176.0,130,130|222,130|222
1,10|32|40|42,176.0,161,161|191,161|191
1,10|34|35|36,176.0,213,213|139,213|139
1,10|37|40|41,176.0,8,8|344,8|344
1,11|12|16|26,176.0,140,140|212,140|212
1,11|12|17|40,176.0,273,273|79,273|79
1,11|12|25|33,176.0,230,230|122,230|122
1,11|12|25|39,176.0,230,230|122,230|122
1,11|12|33|39,176.0,230,230|122,230|122
1,11|12|39|40,176.0,243,243|109,243|109
1,11|12|39|43,176.0,243,243|109,243|109
1,11|12|40|43,176.0,243,243|109,243|109
1,11|13|18|27,176.0,85,85|267,85|267
1,11|14|16|36,176.0,99,99|253,99|253
1,11|14|20|30,176.0,104,104|248,104|248
1,11|14|20|34,176.0,104,104|248,104|248
1,11|14|30|34,176.0,104,104|248,104|248
1,11|15|23|24,176.0,286,286|66,286|66
1,11|15|23|25,176.0,286,286|66,286|66
1,11|15|24|25,176.0,286,286|66,286|66
1,11|15|28|35,176.0,69,69|283,69|283
1,11|15|31|38,176.0,118,118|234,118|234
1,11|15|35|40,176.0,46,46|306,46|306
1,11|16|30|35,176.0,9,9|343,9|343
1,11|17|23|39,176.0,239,239|113,239|113
1,11|18|23|32,176.0,293,293|59,293|59
1,11|18|23|40,176.0,293,293|59,293|59
1,11|18|23|43,176.0,105,105|247,105|247
1,11|18|24|37,176.0,255,255|97,255|97
1,11|18|29|35,176.0,107,107|245,107|245
1,11|18|29|37,176.0,107,107|245,107|245
1,11|18|32|40,176.0,293,293|59,293|59
1,11|18|35|37,176.0,107,107|245,107|245
1,11|19|27|28,176.0,346,346|6,346|6
1,11|19|27|37,176.0,346,346|6,346|6
1,11|19|28|37,176.0,346,346|6,346|6
1,11|19|29|36,176.0,81,81|271,81|271
1,11|19|29|40,176.0,81,81|271,81|271
1,11|19|36|40,176.0,81,81|271,81|271
1,11|20|21|23,176.0,189,189|163,189|163
1,11|20|21|32,176.0,189,189|163,189|163
1,11|20|21|38,176.0,50,50|302,50|302
1,11|20|21|40,176.0,50,50|302,50|302
1,11|20|23|32,176.0,189,189|163,189|163
1,11|20|30|34,176.0,104,104|248,104|248
1,11|20|38|40,176.0,50,50|302,50|302
1,11|21|23|32,176.0,189,189|163,189|163
1,11|21|27|41,176.0,198,198|154,198|154
1,11|21|27|43,176.0,198,198|154,198|154
1,11|21|31|32,176.0,299,299|53,299|53
1,11|21|31|39,176.0,299,299|53,299|53
1,11|21|32|39,176.0,299,299|53,299|53
1,11|21|33|39,176.0,76,76|276,76|276
1,11|21|33|43,176.0,76,76|276,76|276
1,11|21|38|40,176.0,50,50|302,50|302
1,11|21|39|43,176.0,76,76|276,76|276
1,11|21|41|43,176.0,198,198|154,198|154
1,11|22|25|26,176.0,18,18|334,18|334
1,11|22|35|41,176.0,226,226|126,226|126
1,11|23|24|25,176.0,286,286|66,286|66
1,11|23|32|40,176.0,293,293|59,293|59
1,11|23|33|36,176.0,285,285|67,285|67
1,11|23|33|42,176.0,285,285|67,285|67
1,11|23|36|42,176.0,285,285|67,285|67
1,11|23|41|43,176.0,311,311|41,311|41
1,11|24|28|39,176.0,90,90|262,90|262
1,11|25|33|39,176.0,230,230|122,230|122
1,11|26|32|41,176.0,40,40|312,40|312
1,11|26|33|40,176.0,220,220|132,220|132
1,11|27|28|37,176.0,346,346|6,346|6
1,11|27|39|41,176.0,138,138|214,138|214
1,11|27|41|43,176.0,198,198|154,198|154
1,11|28|31|41,176.0,344,344|8,344|8
1,11|29|35|37,176.0,107,107|245,107|245
1,11|29|36|40,176.0,81,81|271,81|271
1,11|31|32|39,176.0,299,299|53,299|53
1,11|33|36|38,176.0,114,114|238,114|238
1,11|33|36|42,176.0,285,285|67,285|67
1,11|33|39|43,176.0,76,76|276,76|276
1,11|37|40|41,176.0,8,8|344,8|344
1,11|39|40|43,176.0,243,243|109,243|109
1,12|13|15|18,176.0,272,272|80,272|80
1,12|13|15|31,176.0,272,272|80,272|80
1,12|13|18|31,176.0,272,272|80,272|80
1,12|13|23|35,176.0,240,240|112,240|112
1,12|13|23|39,176.0,240,240|112,240|112
1,12|13|25|31,176.0,341,341|11,341|11
1,12|13|25|42,176.0,341,341|11,341|11
1,12|13|31|42,176.0,341,341|11,341|11
1,12|13|32|38,176.0,188,188|164,188|164
1,12|13|35|39,176.0,240,240|112,240|112
1,12|14|15|38,176.0,119,119|233,119|233
1,12|15|16|38,176.0,78,78|274,78|274
1,12|15|16|39,176.0,78,78|274,78|274
1,12|15|18|31,176.0,272,272|80,272|80
1,12|15|26|35,176.0,125,125|227,125|227
1,12|15|33|42,176.0,60,60|292,60|292
1,12|15|38|39,176.0,78,78|274,78|274
1,12|16|17|27,176.0,248,248|104,248|104
1,12|16|18|34,176.0,238,238|114,238|114
1,12|16|21|27,176.0,30,30|322,30|322
1,12|16|21|33,176.0,214,214|138,214|138
1,12|16|26|30,176.0,124,124|228,124|228
1,12|16|38|39,176.0,78,78|274,78|274
1,12|18|32|38,176.0,267,267|85,267|85
1,12|18|37|41,176.0,291,291|61,291|61
1,12|19|20|29,176.0,91,91|261,91|261
1,12|19|20|43,176.0,91,91|261,91|261
1,12|19|22|35,176.0,347,347|5,347|5
1,12|19|22|38,176.0,347,347|5,347|5
1,12|19|27|28,176.0,271,271|81,271|81
1,12|19|27|41,176.0,271,271|81,271|81
1,12|19|28|41,176.0,271,271|81,271|81
1,12|19|29|43,176.0,91,91|261,91|261
1,12|19|35|38,176.0,347,347|5,347|5
1,12|20|29|43,176.0,91,91|261,91|261
1,12|20|36|40,176.0,342,342|10,342|10
1,12|20|39|41,176.0,215,215|137,215|137
1,12|22|29|39,176.0,292,292|60,292|60
1,12|22|30|31,176.0,64,64|288,64|288
1,12|22|30|34,176.0,64,64|288,64|288
1,12|22|31|34,176.0,64,64|288,64|288
1,12|22|35|38,176.0,347,347|5,347|5
1,12|23|33|36,176.0,37,37|315,37|315
1,12|23|35|39,176.0,240,240|112,240|112
1,12|24|25|26,176.0,117,117|235,117|235
1,12|25|26|43,176.0,22,22|330,22|330
1,12|25|27|41,176.0,110,110|242,110|242
1,12|25|31|42,176.0,341,341|11,341|11
1,12|25|32|33,176.0,222,222|130,222|130
1,12|25|32|41,176.0,222,222|130,222|130
1,12|25|33|39,176.0,230,230|122,230|122
1,12|25|33|41,176.0,222,222|130,222|130
1,12|27|28|41,176.0,271,271|81,271|81
1,12|28|30|33,176.0,250,250|102,250|102
1,12|30|31|34,176.0,64,64|288,64|288
1,12|31|33|43,176.0,121,121|231,121|231
1,12|32|33|41,176.0,222,222|130,222|130
1,12|34|35|36,176.0,213,213|139,213|139
1,12|39|40|43,176.0,243,243|109,243|109
1,13|14|16|33,176.0,224,224|128,224|128
1,13|14|17|23,176.0,324,324|28,324|28
1,13|14|26|31,176.0,93,93|259,93|259
1,13|14|26|42,176.0,281,281|71,281|71
1,13|14|35|42,176.0,197,197|155,197|155
1,13|15|18|26,176.0,317,317|35,317|35
1,13|15|18|31,176.0,272,272|80,272|80
1,13|15|18|43,176.0,317,317|35,317|35
1,13|15|24|33,176.0,252,252|100,252|100
1,13|15|24|40,176.0,252,252|100,252|100
1,13|15|26|31,176.0,171,171|181,171|181
1,13|15|26|43,176.0,317,317|35,317|35
1,13|15|33|40,176.0,252,252|100,252|100
1,13|16|28|34,176.0,241,241|111,241|111
1,13|16|28|37,176.0,241,241|111,241|111
1,13|16|34|37,176.0,241,241|111,241|111
1,13|18|19|33,176.0,116,116|236,116|236
1,13|18|26|43,176.0,317,317|35,317|35
1,13|20|26|29,176.0,338,338|14,338|14
1,13|20|26|40,176.0,338,338|14,338|14
1,13|20|28|35,176.0,298,298|54,298|54
1,13|20|28|40,176.0,298,298|54,298|54
1,13|20|29|40,176.0,338,338|14,338|14
1,13|20|35|40,176.0,298,298|54,298|54
1,13|22|26|42,176.0,26,26|326,26|326
1,13|22|27|40,176.0,1,1|351,1|351
1,13|22|27|41,176.0,1,1|351,1|351
1,13|22|34|43,176.0,186,186|166,186|166
1,13|22|40|41,176.0,1,1|351,1|351
1,13|23|35|39,176.0,240,240|112,240|112
1,13|24|27|39,176.0,17,17|335,17|335
1,13|24|33|40,176.0,252,252|100,252|100
1,13|24|39|41,176.0,77,77|275,77|275
1,13|25|30|36,176.0,34,34|318,34|318
1,13|25|30|41,176.0,34,34|318,34|318
1,13|25|31|33,176.0,180,180|172,180|172
1,13|25|31|42,176.0,341,341|11,341|11
1,13|25|36|41,176.0,34,34|318,34|318
1,13|25|36|43,176.0,221,221|131,221|131
1,13|26|29|40,176.0,338,338|14,338|14
1,13|27|40|41,176.0,1,1|351,1|351
1,13|28|34|37,176.0,241,241|111,241|111
1,13|28|35|40,176.0,298,298|54,298|54
1,13|29|30|40,176.0,16,16|336,16|336
1,13|29|30|42,176.0,16,16|336,16|336
1,13|29|40|42,176.0,16,16|336,16|336
1,13|30|36|41,176.0,34,34|318,34|318
1,13|30|40|42,176.0,16,16|336,16|336
1,13|31|33|41,176.0,177,177|175,177|175
1,13|32|37|43,176.0,142,142|210,142|210
1,14|15|18|25,176.0,183,183|169,183|169
1,14|15|20|25,176.0,327,327|25,327|25
1,14|15|20|40,176.0,327,327|25,327|25
1,14|15|25|40,176.0,327,327|25,327|25
1,14|16|17|31,176.0,83,83|269,83|269
1,14|16|18|36,176.0,35,35|317,35|317
1,14|17|23|37,176.0,74,74|278,74|278
1,14|18|20|33,176.0,257,257|95,257|95
1,14|18|22|43,176.0,57,57|295,57|295
1,14|19|39|41,176.0,174,174|178,174|178
1,14|20|21|41,176.0,202,202|150,202|150
1,14|20|22|42,176.0,283,283|69,283|69
1,14|20|24|25,176.0,182,182|170,182|170
1,14|20|24|39,176.0,182,182|170,182|170
1,14|20|25|39,176.0,182,182|170,182|170
1,14|20|25|40,176.0,327,327|25,327|25
1,14|20|30|34,176.0,104,104|248,104|248
1,14|21|27|28,176.0,288,288|64,288|64
1,14|21|28|35,176.0,6,6|346,6|346
1,14|24|25|39,176.0,182,182|170,182|170
1,14|25|26|37,176.0,175,175|177,175|177
1,14|25|28|37,176.0,322,322|30,322|30
1,14|25|28|41,176.0,322,322|30,322|30
1,14|25|29|42,176.0,61,61|291,61|291
1,14|25|37|41,176.0,322,322|30,322|30
1,14|27|34|37,176.0,247,247|105,247|105
1,14|27|34|43,176.0,247,247|105,247|105
1,14|27|35|41,176.0,128,128|224,128|224
1,14|27|37|43,176.0,247,247|105,247|105
1,14|28|31|39,176.0,32,32|320,32|320
1,14|28|33|43,176.0,192,192|160,192|160
1,14|28|37|41,176.0,322,322|30,322|30
1,14|29|30|42,176.0,176,176|176,176|176
1,14|30|35|37,176.0,280,280|72,280|72
1,14|30|35|40,176.0,280,280|72,280|72
1,14|30|37|40,176.0,280,280|72,280|72
1,14|32|34|42,176.0,319,319|33,319|33
1,14|34|37|43,176.0,247,247|105,247|105
1,14|35|37|40,176.0,280,280|72,280|72
1,15|16|18|19,176.0,320,320|32,320|32
1,15|16|18|37,176.0,320,320|32,320|32
1,15|16|19|37,176.0,320,320|32,320|32
1,15|16|24|26,176.0,126,126|226,126|226
1,15|16|24|32,176.0,126,126|226,126|226
1,15|16|26|32,176.0,126,126|226,126|226
1,15|16|29|39,176.0,79,79|273,79|273
1,15|16|38|39,176.0,78,78|274,78|274
1,15|18|19|37,176.0,320,320|32,320|32
1,15|18|24|34,176.0,147,147|205,147|205
1,15|18|24|39,176.0,147,147|205,147|205
1,15|18|26|43,176.0,317,317|35,317|35
1,15|18|34|39,176.0,147,147|205,147|205
1,15|19|21|42,176.0,187,187|165,187|165
1,15|19|27|30,176.0,254,254|98,254|98
1,15|19|27|42,176.0,237,237|115,237|115
1,15|20|23|25,176.0,151,151|201,151|201
1,15|20|25|29,176.0,296,296|56,296|56
1,15|20|25|40,176.0,327,327|25,327|25
1,15|20|25|43,176.0,296,296|56,296|56
1,15|20|29|43,176.0,296,296|56,296|56
1,15|20|32|41,176.0,59,59|293,59|293
1,15|21|25|26,176.0,290,290|62,290|62
1,15|21|25|31,176.0,290,290|62,290|62
1,15|21|26|28,176.0,345,345|7,345|7
1,15|21|26|31,176.0,290,290|62,290|62
1,15|21|26|36,176.0,345,345|7,345|7
1,15|21|28|36,176.0,345,345|7,345|7
1,15|22|23|38,176.0,308,308|44,308|44
1,15|23|24|25,176.0,286,286|66,286|66
1,15|24|26|32,176.0,126,126|226,126|226
1,15|24|33|40,176.0,252,252|100,252|100
1,15|24|34|39,176.0,147,147|205,147|205
1,15|25|26|31,176.0,290,290|62,290|62
1,15|25|29|43,176.0,296,296|56,296|56
1,15|26|28|36,176.0,345,345|7,345|7
1,15|27|28|41,176.0,179,179|173,179|173
1,15|27|28|42,176.0,179,179|173,179|173
1,15|27|41|42,176.0,179,179|173,179|173
1,15|28|31|32,176.0,262,262|90,262|90
1,15|28|31|35,176.0,262,262|90,262|90
1,15|28|32|35,176.0,262,262|90,262|90
1,15|28|36|37,176.0,352,352|0,352|0
1,15|28|36|41,176.0,352,352|0,352|0
1,15|28|37|41,176.0,352,352|0,352|0
1,15|28|38|42,176.0,170,170|182,170|182
1,15|28|41|42,176.0,179,179|173,179|173
1,15|31|32|35,176.0,262,262|90,262|90
1,15|36|37|41,176.0,352,352|0,352|0
1,16|17|21|22,176.0,166,166|186,166|186
1,16|17|21|43,176.0,166,166|186,166|186
1,16|17|22|43,176.0,166,166|186,166|186
1,16|18|19|21,176.0,167,167|185,167|185
1,16|18|19|37,176.0,320,320|32,320|32
1,16|18|19|38,176.0,167,167|185,167|185
1,16|18|21|38,176.0,167,167|185,167|185
1,16|18|26|37,176.0,42,42|310,42|310
1,16|18|26|42,176.0,42,42|310,42|310
1,16|18|30|34,176.0,228,228|124,228|124
1,16|18|35|40,176.0,332,332|20,332|20
1,16|18|37|40,176.0,263,263|89,263|89
1,16|18|37|42,176.0,42,42|310,42|310
1,16|19|20|23,176.0,236,236|116,236|116
1,16|19|20|37,176.0,87,87|265,87|265
1,16|19|21|38,176.0,167,167|185,167|185
1,16|19|23|34,176.0,309,309|43,309|43
1,16|19|35|41,176.0,313,313|39,313|39
1,16|20|24|30,176.0,218,218|134,218|134
1,16|20|28|37,176.0,135,135|217,135|217
1,16|20|29|33,176.0,229,229|123,229|123
1,16|20|29|40,176.0,229,229|123,229|123
1,16|20|33|40,176.0,229,229|123,229|123
1,16|21|22|43,176.0,166,166|186,166|186
1,16|24|26|32,176.0,126,126|226,126|226
1,16|25|36|37,176.0,200,200|152,200|152
1,16|26|32|36,176.0,154,154|198,154|198
1,16|26|37|42,176.0,42,42|310,42|310
1,16|28|34|37,176.0,241,241|111,241|111
1,16|28|37|42,176.0,67,67|285,67|285
1,16|28|37|43,176.0,67,67|285,67|285
1,16|28|42|43,176.0,67,67|285,67|285
1,16|29|33|40,176.0,229,229|123,229|123
1,16|37|42|43,176.0,67,67|285,67|285
1,17|18|20|27,176.0,82,82|270,82|270
1,17|18|20|29,176.0,82,82|270,82|270
1,17|18|27|29,176.0,82,82|270,82|270
1,17|18|30|33,176.0,258,258|94,258|94
1,17|18|33|41,176.0,106,106|246,106|246
1,17|18|33|42,176.0,106,106|246,106|246
1,17|18|41|42,176.0,106,106|246,106|246
1,17|20|27|29,176.0,82,82|270,82|270
1,17|21|22|43,176.0,166,166|186,166|186
1,17|21|25|40,176.0,193,193|159,193|159
1,17|21|32|36,176.0,63,63|289,63|289
1,17|21|32|37,176.0,63,63|289,63|289
1,17|21|36|37,176.0,63,63|289,63|289
1,17|23|25|29,176.0,284,284|68,284|68
1,17|23|25|31,176.0,284,284|68,284|68
1,17|23|27|32,176.0,275,275|77,275|77
1,17|23|29|31,176.0,284,284|68,284|68
1,17|24|29|43,176.0,144,144|208,144|208
1,17|24|37|42,176.0,310,310|42,310|42
1,17|24|39|43,176.0,150,150|202,150|202
1,17|25|29|31,176.0,284,284|68,284|68
1,17|25|39|42,176.0,137,137|215,137|215
1,17|26|27|28,176.0,301,301|51,301|51
1,17|26|27|31,176.0,13,13|339,13|339
1,17|26|27|40,176.0,301,301|51,301|51
1,17|26|28|29,176.0,256,256|96,256|96
1,17|26|28|40,176.0,301,301|51,301|51
1,17|26|28|42,176.0,256,256|96,256|96
1,17|26|29|42,176.0,256,256|96,256|96
1,17|27|28|40,176.0,301,301|51,301|51
1,17|27|28|42,176.0,260,260|92,260|92
1,17|27|37|38,176.0,211,211|141,211|141
1,17|27|37|40,176.0,211,211|141,211|141
1,17|27|38|40,176.0,211,211|141,211|141
1,17|28|29|42,176.0,256,256|96,256|96
1,17|28|31|40,176.0,45,45|307,45|307
1,17|28|35|38,176.0,2,2|350,2|350
1,17|31|32|41,176.0,225,225|127,225|127
1,17|32|36|37,176.0,63,63|289,63|289
1,17|33|41|42,176.0,106,106|246,106|246
1,17|36|37|43,176.0,181,181|171,181|171
1,17|37|38|40,176.0,211,211|141,211|141
1,18|19|21|38,176.0,167,167|185,167|185
1,18|19|25|41,176.0,201,201|151,201|151
1,18|19|34|40,176.0,62,62|290,62|290
1,18|19|36|43,176.0,246,246|106,246|106
1,18|20|21|35,176.0,152,152|200,152|200
1,18|20|21|43,176.0,152,152|200,152|200
1,18|20|27|29,176.0,82,82|270,82|270
1,18|20|35|43,176.0,152,152|200,152|200
1,18|21|24|43,176.0,12,12|340,12|340
1,18|21|35|43,176.0,152,152|200,152|200
1,18|22|30|39,176.0,294,294|58,294|58
1,18|22|32|37,176.0,333,333|19,333|19
1,18|22|32|39,176.0,333,333|19,333|19
1,18|22|37|39,176.0,333,333|19,333|19
1,18|23|28|33,176.0,101,101|251,101|251
1,18|23|28|35,176.0,101,101|251,101|251
1,18|23|31|36,176.0,14,14|338,14|338
1,18|23|32|40,176.0,293,293|59,293|59
1,18|23|33|35,176.0,101,101|251,101|251
1,18|24|28|36,176.0,19,19|333,19|333
1,18|24|28|40,176.0,19,19|333,19|333
1,18|24|34|39,176.0,147,147|205,147|205
1,18|24|36|40,176.0,19,19|333,19|333
1,18|26|37|42,176.0,42,42|310,42|310
1,18|27|38|40,176.0,302,302|50,302|50
1,18|27|38|41,176.0,302,302|50,302|50
1,18|27|40|41,176.0,302,302|50,302|50
1,18|28|33|35,176.0,101,101|251,101|251
1,18|28|36|40,176.0,19,19|333,19|333
1,18|29|35|37,176.0,107,107|245,107|245
1,18|29|37|39,176.0,120,120|232,120|232
1,18|32|37|39,176.0,333,333|19,333|19
1,18|33|41|42,176.0,106,106|246,106|246
1,18|34|37|39,176.0,265,265|87,265|87
1,18|34|37|41,176.0,265,265|87,265|87
1,18|34|39|41,176.0,265,265|87,265|87
1,18|34|42|43,176.0,207,207|145,207|145
1,18|37|39|41,176.0,265,265|87,265|87
1,18|38|40|41,176.0,302,302|50,302|50
1,19|20|21|28,176.0,11,11|341,11|341
1,19|20|24|34,176.0,56,56|296,56|296
1,19|20|24|43,176.0,56,56|296,56|296
1,19|20|29|43,176.0,91,91|261,91|261
1,19|20|34|38,176.0,196,196|156,196|156
1,19|20|34|39,176.0,196,196|156,196|156
1,19|20|34|43,176.0,56,56|296,56|296
1,19|20|38|39,176.0,196,196|156,196|156
1,19|22|25|37,176.0,7,7|345,7|345
1,19|22|25|38,176.0,75,75|277,75|277
1,19|22|28|32,176.0,172,172|180,172|180
1,19|22|29|38,176.0,304,304|48,304|48
1,19|22|29|39,176.0,304,304|48,304|48
1,19|22|35|38,176.0,347,347|5,347|5
1,19|22|38|39,176.0,304,304|48,304|48
1,19|23|25|41,176.0,103,103|249,103|249
1,19|23|26|30,176.0,96,96|256,96|256
1,19|23|26|36,176.0,96,96|256,96|256
1,19|23|30|36,176.0,96,96|256,96|256
1,19|24|34|43,176.0,56,56|296,56|296
1,19|25|28|31,176.0,162,162|190,162|190
1,19|25|28|36,176.0,350,350|2,350|2
1,19|25|28|40,176.0,162,162|190,162|190
1,19|25|31|40,176.0,162,162|190,162|190
1,19|25|36|38,176.0,51,51|301,51|301
1,19|26|30|36,176.0,96,96|256,96|256
1,19|26|33|34,176.0,199,199|153,199|153
1,19|26|33|42,176.0,199,199|153,199|153
1,19|26|34|42,176.0,199,199|153,199|153
1,19|27|28|37,176.0,346,346|6,346|6
1,19|27|28|41,176.0,271,271|81,271|81
1,19|28|31|40,176.0,162,162|190,162|190
1,19|29|36|40,176.0,81,81|271,81|271
1,19|29|38|39,176.0,304,304|48,304|48
1,19|31|37|39,176.0,102,102|250,102|250
1,19|33|34|42,176.0,199,199|153,199|153
1,19|34|38|39,176.0,196,196|156,196|156
1,20|21|23|32,176.0,189,189|163,189|163
1,20|21|34|36,176.0,5,5|347,5|347
1,20|21|35|43,176.0,152,152|200,152|200
1,20|21|38|40,176.0,50,50|302,50|302
1,20|22|24|36,176.0,232,232|120,232|120
1,20|22|25|37,176.0,331,331|21,331|21
1,20|22|25|43,176.0,331,331|21,331|21
1,20|22|37|43,176.0,331,331|21,331|21
1,20|23|35|36,176.0,204,204|148,204|148
1,20|23|35|41,176.0,204,204|148,204|148
1,20|23|36|41,176.0,204,204|148,204|148
1,20|24|25|39,176.0,182,182|170,182|170
1,20|24|31|33,176.0,336,336|16,336|16
1,20|24|34|43,176.0,56,56|296,56|296
1,20|25|27|43,176.0,259,259|93,259|93
1,20|25|28|30,176.0,115,115|237,115|237
1,20|25|29|43,176.0,296,296|56,296|56
1,20|25|37|43,176.0,331,331|21,331|21
1,20|26|29|40,176.0,338,338|14,338|14
1,20|27|30|38,176.0,173,173|179,173|179
1,20|28|35|40,176.0,298,298|54,298|54
1,20|29|32|34,176.0,148,148|204,148|204
1,20|29|32|37,176.0,148,148|204,148|204
1,20|29|33|40,176.0,229,229|123,229|123
1,20|29|34|37,176.0,148,148|204,148|204
1,20|32|34|37,176.0,148,148|204,148|204
1,20|32|36|40,176.0,191,191|161,191|161
1,20|33|34|40,176.0,339,339|13,339|13
1,20|33|36|41,176.0,194,194|158,194|158
1,20|34|38|39,176.0,196,196|156,196|156
1,20|35|36|41,176.0,204,204|148,204|148
1,20|36|39|43,176.0,348,348|4,348|4
1,20|36|42|43,176.0,251,251|101,251|101
1,21|23|26|37,176.0,100,100|252,100|252
1,21|23|26|43,176.0,100,100|252,100|252
1,21|23|37|43,176.0,100,100|252,100|252
1,21|25|26|31,176.0,290,290|62,290|62
1,21|26|28|36,176.0,345,345|7,345|7
1,21|26|37|43,176.0,100,100|252,100|252
1,21|27|41|43,176.0,198,198|154,198|154
1,21|30|35|36,176.0,73,73|279,73|279
1,21|30|35|41,176.0,73,73|279,73|279
1,21|30|36|41,176.0,73,73|279,73|279
1,21|31|32|39,176.0,299,299|53,299|53
1,21|32|33|34,176.0,223,223|129,223|129
1,21|32|33|37,176.0,223,223|129,223|129
1,21|32|34|37,176.0,223,223|129,223|129
1,21|32|36|37,176.0,63,63|289,63|289
1,21|33|34|37,176.0,223,223|129,223|129
1,21|33|39|43,176.0,76,76|276,76|276
1,21|35|36|41,176.0,73,73|279,73|279
1,22|24|27|37,176.0,23,23|329,23|329
1,22|24|28|34,176.0,297,297|55,297|55
1,22|24|28|42,176.0,297,297|55,297|55
1,22|24|34|42,176.0,297,297|55,297|55
1,22|25|28|40,176.0,158,158|194,158|194
1,22|25|36|37,176.0,111,111|241,111|241
1,22|25|37|43,176.0,331,331|21,331|21
2,22|26|29|36,117.33333333333333,209,209|3|140,209|3|140
1,22|27|40|41,176.0,1,1|351,1|351
1,22|28|34|42,176.0,297,297|55,297|55
1,22|29|32|41,176.0,343,343|9,343|9
1,22|29|38|39,176.0,304,304|48,304|48
1,22|30|31|34,176.0,64,64|288,64|288
1,22|31|32|37,176.0,323,323|29,323|29
1,22|32|37|39,176.0,333,333|19,333|19
1,22|33|36|41,176.0,153,153|199,153|199
1,22|34|36|37,176.0,27,27|325,27|325
1,22|34|36|43,176.0,27,27|325,27|325
1,22|34|37|43,176.0,27,27|325,27|325
1,22|36|37|43,176.0,27,27|325,27|325
1,23|24|29|43,176.0,190,190|162,190|162
1,23|24|32|36,176.0,261,261|91,261|91
1,23|24|34|39,176.0,328,328|24,328|24
1,23|25|26|33,176.0,266,266|86,266|86
1,23|25|29|31,176.0,284,284|68,284|68
1,23|26|30|36,176.0,96,96|256,96|256
1,23|26|32|38,176.0,54,54|298,54|298
1,23|26|37|43,176.0,100,100|252,100|252
1,23|27|29|34,176.0,269,269|83,269|83
1,23|28|29|32,176.0,287,287|65,287|65
1,23|28|33|35,176.0,101,101|251,101|251
1,23|30|33|36,176.0,329,329|23,329|23
1,23|31|35|40,176.0,249,249|103,249|103
1,23|33|36|42,176.0,285,285|67,285|67
1,23|35|36|41,176.0,204,204|148,204|148
1,24|26|33|35,176.0,205,205|147,205|147
1,24|26|35|36,176.0,71,71|281,71|281
1,24|26|35|41,176.0,71,71|281,71|281
1,24|26|36|41,176.0,71,71|281,71|281
1,24|27|32|35,176.0,47,47|305,47|305
1,24|28|34|42,176.0,297,297|55,297|55
1,24|28|36|39,176.0,315,315|37,315|37
1,24|28|36|40,176.0,19,19|333,19|333
1,24|29|30|38,176.0,20,20|332,20|332
1,24|29|34|35,176.0,156,156|196,156|196
1,24|29|34|40,176.0,156,156|196,156|196
1,24|29|35|40,176.0,156,156|196,156|196
1,24|30|37|38,176.0,44,44|308,44|308
1,24|30|37|40,176.0,44,44|308,44|308
1,24|30|38|40,176.0,44,44|308,44|308
1,24|31|32|33,176.0,305,305|47,305|47
1,24|31|32|34,176.0,305,305|47,305|47
1,24|31|33|34,176.0,305,305|47,305|47
1,24|32|33|34,176.0,305,305|47,305|47
1,24|34|35|40,176.0,156,156|196,156|196
1,24|35|36|41,176.0,71,71|281,71|281
1,24|37|38|40,176.0,44,44|308,44|308
1,25|28|31|40,176.0,162,162|190,162|190
1,25|28|37|41,176.0,322,322|30,322|30
1,25|29|35|37,176.0,130,130|222,130|222
1,25|30|36|41,176.0,34,34|318,34|318
1,25|32|33|41,176.0,222,222|130,222|130
1,26|27|28|40,176.0,301,301|51,301|51
1,26|28|29|42,176.0,256,256|96,256|96
1,26|33|34|38,176.0,340,340|12,340|12
1,26|33|34|42,176.0,199,199|153,199|153
1,26|35|36|41,176.0,71,71|281,71|281
1,27|28|41|42,176.0,179,179|173,179|173
1,27|31|34|36,176.0,325,325|27,325|27
1,27|32|40|42,176.0,113,113|239,113|239
1,27|34|37|43,176.0,247,247|105,247|105
1,27|37|38|40,176.0,211,211|141,211|141
1,27|38|40|41,176.0,302,302|50,302|50
1,28|31|32|35,176.0,262,262|90,262|90
1,28|36|37|41,176.0,352,352|0,352|0
1,28|37|42|43,176.0,67,67|285,67|285
1,29|30|40|42,176.0,16,16|336,16|336
1,29|32|34|37,176.0,148,148|204,148|204
1,29|33|34|39,176.0,31,31|321,31|321
1,29|34|35|40,176.0,156,156|196,156|196
1,29|34|41|42,176.0,112,112|240,112|240
1,30|32|38|41,176.0,28,28|324,28|324
1,30|35|36|41,176.0,73,73|279,73|279
1,30|35|37|40,176.0,280,280|72,280|72
1,30|37|38|40,176.0,44,44|308,44|308
1,31|32|33|34,176.0,305,305|47,305|47
1,32|33|34|37,176.0,223,223|129,223|129
1,33|34|41|43,176.0,217,217|135,217|135
1,34|36|37|43,176.0,27,27|325,27|325
1,34|37|39|41,176.0,265,265|87,265|87
1,37|38|39|41,176.0,245,245|107,245|107
